frame_in_clip,t_rel_success_s,speed_mm_per_frame,after_success
0,-1.4667,0.0,0
1,-1.4,7.8355,0
2,-1.3333,10.6529,0
3,-1.2667,17.0365,0
4,-1.2,19.1985,0
5,-1.1333,15.9809,0
6,-1.0667,13.8672,0
7,-1.0,13.1381,0
8,-0.9333,10.7922,0
9,-0.8667,9.3933,0
10,-0.8,7.8497,0
11,-0.7333,6.6028,0
12,-0.6667,5.7445,0
13,-0.6,3.3906,0
14,-0.5333,3.4036,0
15,-0.4667,3.4453,0
16,-0.4,3.8398,0
17,-0.3333,3.5979,0
18,-0.2667,2.5074,0
19,-0.2,0.8331,0
20,-0.1333,5.2635,0
21,-0.0667,10.5337,0
22,0.0,10.6793,0
23,0.0667,7.5327,1
24,0.1333,6.1819,1
25,0.2,6.7069,1
26,0.2667,9.6064,1
27,0.3333,10.1647,1
28,0.4,11.7207,1
29,0.4667,12.3857,1
30,0.5333,3.1111,1
31,0.6,12.2068,1
32,0.6667,14.1714,1
33,0.7333,5.9005,1
34,0.8,8.4176,1
35,0.8667,10.9594,1
36,0.9333,13.9796,1
37,1.0,9.9948,1
38,1.0667,15.5494,1
39,1.1333,16.7253,1
40,1.2,1.7653,1
41,1.2667,11.294,1
42,1.3333,13.73,1
43,1.4,5.9009,1
44,1.4667,9.8268,1
45,1.5333,3.4656,1
46,1.6,15.1985,1
47,1.6667,16.8929,1
48,1.7333,8.5288,1
49,1.8,13.4359,1
50,1.8667,3.823,1
51,1.9333,13.3891,1
52,2.0,14.1856,1
53,2.0667,9.2517,1
54,2.1333,12.6891,1
55,2.2,11.0479,1
56,2.2667,11.2297,1
57,2.3333,9.7806,1
58,2.4,11.5568,1
59,2.4667,15.5619,1
60,2.5333,12.8462,1
61,2.6,12.5314,1
62,2.6667,12.4476,1
63,2.7333,8.1391,1
64,2.8,10.2662,1
65,2.8667,10.8521,1
66,2.9333,11.0872,1
67,3.0,10.8747,1
68,3.0667,7.1428,1
69,3.1333,10.5038,1
70,3.2,12.2124,1
71,3.2667,15.8266,1
72,3.3333,15.7195,1
73,3.4,9.6806,1
74,3.4667,8.3463,1
75,3.5333,5.6029,1
76,3.6,15.3456,1
77,3.6667,17.0446,1
78,3.7333,5.5195,1
79,3.8,10.6551,1
80,3.8667,8.7863,1
81,3.9333,11.8251,1
82,4.0,11.8065,1
83,4.0667,7.1535,1
84,4.1333,7.9174,1
85,4.2,7.1488,1
86,4.2667,15.4365,1
87,4.3333,19.742,1
88,4.4,5.0373,1
89,4.4667,11.0519,1
90,4.5333,10.3482,1
91,4.6,9.1443,1
92,4.6667,10.6005,1
93,4.7333,7.3109,1
94,4.8,7.0021,1
95,4.8667,7.2028,1
96,4.9333,10.4745,1
97,5.0,10.16,1
98,5.0667,7.462,1
99,5.1333,11.0527,1
100,5.2,8.9961,1
101,5.2667,8.7288,1
102,5.3333,10.9756,1
103,5.4,7.5939,1
104,5.4667,8.2838,1
105,5.5333,5.7955,1
106,5.6,9.8492,1
107,5.6667,10.5828,1
108,5.7333,11.9659,1
109,5.8,11.6318,1
110,5.8667,5.7654,1
111,5.9333,16.3364,1
112,6.0,18.7081,1
113,6.0667,7.5932,1
114,6.1333,11.5329,1
115,6.2,12.9737,1
116,6.2667,13.7484,1
117,6.3333,11.6734,1
118,6.4,6.7087,1
119,6.4667,11.362,1
120,6.5333,1.642,1
121,6.6,11.0958,1
122,6.6667,11.3529,1
123,6.7333,9.8468,1
124,6.8,11.4964,1
125,6.8667,3.3885,1
126,6.9333,10.0697,1
127,7.0,10.2321,1
128,7.0667,8.7691,1
129,7.1333,11.8216,1
130,7.2,3.7049,1
131,7.2667,8.3108,1
132,7.3333,9.2431,1
133,7.4,11.2704,1
134,7.4667,10.5526,1
135,7.5333,1.9866,1
136,7.6,9.7018,1
137,7.6667,12.0324,1
138,7.7333,5.8644,1
139,7.8,7.479,1
140,7.8667,7.4512,1
141,7.9333,17.628,1
142,8.0,21.5272,1
143,8.0667,5.7882,1
144,8.1333,8.3861,1
145,8.2,3.8068,1
146,8.2667,11.1858,1
147,8.3333,14.082,1
148,8.4,7.8424,1
149,8.4667,10.4125,1
150,8.5333,11.7325,1
151,8.6,11.1595,1
152,8.6667,9.4927,1
153,8.7333,6.4756,1
154,8.8,12.242,1
155,8.8667,3.1888,1
156,8.9333,6.5981,1
157,9.0,8.0667,1
158,9.0667,5.4972,1
159,9.1333,5.4623,1
160,9.2,8.5219,1
161,9.2667,16.3801,1
162,9.3333,17.272,1
163,9.4,17.131,1
164,9.4667,15.6089,1
165,9.5333,12.7082,1
166,9.6,12.5771,1
167,9.6667,13.6031,1
168,9.7333,18.8322,1
169,9.8,18.3684,1
170,9.8667,15.7373,1
171,9.9333,14.1999,1
172,10.0,13.3086,1
