clip,model,subtask,wait_s,verdict_auto,held_end,label,note,annotator
sft_ep0000_s0,sft,lift_blue_block_slider,10.07,slow,0,,,
sft_ep0001_s0,sft,move_slider_right,10.07,moving,1,,,
sft_ep0001_s1,sft,rotate_red_block_right,10.07,slow,0,,,
sft_ep0002_s0,sft,turn_on_led,10.07,slow,0,,,
sft_ep0002_s1,sft,push_pink_block_left,10.07,moving,1,,,
sft_ep0002_s2,sft,lift_pink_block_table,10.07,slow,0,,,
sft_ep0003_s0,sft,rotate_blue_block_left,10.07,slow,0,,,
sft_ep0003_s1,sft,move_slider_left,10.07,moving,1,,,
sft_ep0003_s2,sft,lift_blue_block_table,10.07,moving,1,,,
sft_ep0003_s3,sft,place_in_slider,10.07,moving,1,,,
sft_ep0003_s4,sft,lift_red_block_slider,10.07,moving,1,,,
sft_ep0006_s0,sft,turn_on_led,10.07,slow,1,,,
sft_ep0006_s1,sft,rotate_pink_block_right,10.07,slow,0,,,
sft_ep0006_s2,sft,close_drawer,10.07,moving,1,,,
sft_ep0006_s3,sft,lift_pink_block_table,10.07,moving,1,,,
sft_ep0006_s4,sft,stack_block,10.07,moving,1,,,
sft_ep0007_s0,sft,turn_on_led,10.07,slow,1,,,
sft_ep0007_s1,sft,lift_red_block_table,10.07,slow,1,,,
sft_ep0008_s0,sft,rotate_pink_block_right,10.07,slow,0,,,
sft_ep0008_s1,sft,open_drawer,10.07,moving,1,,,
sft_ep0008_s2,sft,lift_blue_block_table,10.07,slow,0,,,
sft_ep0009_s0,sft,move_slider_right,10.07,slow,1,,,
sft_ep0010_s0,sft,lift_blue_block_slider,10.07,moving,0,,,
sft_ep0013_s0,sft,move_slider_left,10.07,moving,1,,,
sft_ep0014_s0,sft,push_blue_block_left,10.07,moving,0,,,
sft_ep0015_s0,sft,rotate_blue_block_left,10.07,slow,0,,,
sft_ep0015_s1,sft,open_drawer,10.07,moving,1,,,
sft_ep0015_s2,sft,lift_pink_block_table,10.07,moving,0,,,
sft_ep0015_s3,sft,place_in_drawer,10.07,moving,1,,,
sft_ep0015_s4,sft,turn_on_led,10.07,slow,1,,,
sft_ep0016_s0,sft,lift_red_block_slider,10.07,moving,0,,,
sft_ep0016_s1,sft,place_in_drawer,10.07,moving,1,,,
sft_ep0016_s2,sft,move_slider_left,10.07,moving,1,,,
sft_ep0016_s3,sft,turn_on_led,10.07,slow,0,,,
sft_ep0016_s4,sft,close_drawer,10.07,moving,1,,,
sft_ep0017_s0,sft,push_red_block_left,10.07,moving,1,,,
sft_ep0017_s1,sft,turn_on_lightbulb,10.07,moving,0,,,
sft_ep0017_s2,sft,open_drawer,10.07,moving,1,,,
sft_ep0017_s3,sft,lift_blue_block_table,10.07,moving,0,,,
sft_ep0018_s0,sft,turn_on_led,10.07,slow,1,,,
sft_ep0018_s1,sft,open_drawer,10.07,moving,1,,,
sft_ep0018_s2,sft,push_pink_block_left,10.07,moving,1,,,
sft_ep0018_s3,sft,lift_blue_block_table,10.07,moving,1,,,
sft_ep0018_s4,sft,place_in_drawer,10.07,moving,1,,,
sft_ep0019_s0,sft,lift_blue_block_slider,10.07,moving,0,,,
sft_ep0020_s0,sft,lift_red_block_slider,10.07,moving,0,,,
sft_ep0021_s0,sft,lift_pink_block_table,10.07,moving,0,,,
sft_ep0021_s1,sft,place_in_drawer,10.07,moving,1,,,
sft_ep0021_s2,sft,rotate_red_block_left,10.07,slow,0,,,
sft_ep0021_s3,sft,move_slider_left,10.07,moving,0,,,
sft_ep0021_s4,sft,lift_pink_block_drawer,10.07,moving,0,,,
sft_ep0022_s0,sft,push_red_block_left,10.07,slow,0,,,
sft_ep0022_s1,sft,open_drawer,10.07,moving,1,,,
sft_ep0022_s2,sft,lift_pink_block_slider,10.07,moving,0,,,
sft_ep0023_s0,sft,turn_on_led,10.07,slow,1,,,
sft_ep0024_s0,sft,turn_on_lightbulb,10.07,slow,0,,,
sft_ep0024_s1,sft,move_slider_right,10.07,moving,1,,,
sft_ep0024_s2,sft,push_pink_block_left,10.07,moving,1,,,
sft_ep0024_s3,sft,lift_blue_block_table,10.07,moving,0,,,
sft_ep0024_s4,sft,place_in_drawer,10.07,moving,1,,,
sft_ep0025_s0,sft,rotate_blue_block_right,10.07,moving,0,,,
sft_ep0025_s1,sft,turn_off_lightbulb,10.07,slow,0,,,
sft_ep0025_s2,sft,open_drawer,10.07,moving,1,,,
sft_ep0025_s3,sft,move_slider_left,10.07,moving,1,,,
sft_ep0025_s4,sft,lift_blue_block_table,10.07,moving,1,,,
sft_ep0026_s0,sft,rotate_blue_block_right,10.07,slow,0,,,
sft_ep0027_s0,sft,rotate_red_block_right,10.07,moving,0,,,
sft_ep0027_s1,sft,open_drawer,10.07,moving,1,,,
sft_ep0027_s2,sft,turn_off_led,10.07,slow,0,,,
sft_ep0027_s3,sft,lift_red_block_table,10.07,moving,0,,,
sft_ep0027_s4,sft,place_in_drawer,10.07,moving,1,,,
sft_ep0028_s0,sft,open_drawer,10.07,moving,1,,,
sft_ep0028_s1,sft,move_slider_right,10.07,slow,1,,,
sft_ep0028_s2,sft,turn_on_led,10.07,slow,1,,,
sft_ep0029_s0,sft,turn_off_lightbulb,10.07,slow,1,,,
sft_ep0029_s1,sft,open_drawer,10.07,moving,1,,,
sft_ep0029_s2,sft,push_red_block_left,10.07,moving,0,,,
sft_ep0029_s3,sft,move_slider_right,10.07,slow,1,,,
sft_ep0030_s0,sft,lift_blue_block_table,10.07,moving,1,,,
sft_ep0030_s1,sft,place_in_slider,10.07,moving,1,,,
sft_ep0030_s2,sft,turn_on_led,10.07,slow,0,,,
sft_ep0030_s3,sft,move_slider_left,10.07,moving,1,,,
sft_ep0031_s0,sft,move_slider_right,10.07,slow,1,,,
sft_ep0031_s1,sft,open_drawer,10.07,moving,1,,,
sft_ep0031_s2,sft,turn_off_lightbulb,10.07,moving,1,,,
sft_ep0031_s3,sft,lift_pink_block_table,10.07,moving,0,,,
sft_ep0031_s4,sft,place_in_slider,10.07,slow,1,,,
sft_ep0032_s0,sft,move_slider_right,10.07,moving,1,,,
sft_ep0032_s1,sft,lift_blue_block_table,10.07,moving,0,,,
sft_ep0032_s2,sft,stack_block,10.07,moving,1,,,
sft_ep0032_s3,sft,close_drawer,10.07,moving,1,,,
sft_ep0032_s4,sft,turn_on_led,10.07,slow,1,,,
sft_ep0033_s0,sft,push_pink_block_left,10.07,moving,1,,,
sft_ep0033_s1,sft,turn_on_led,10.07,moving,1,,,
sft_ep0033_s2,sft,push_into_drawer,10.07,moving,1,,,
sft_ep0033_s3,sft,move_slider_left,10.07,moving,1,,,
sft_ep0033_s4,sft,close_drawer,10.07,slow,0,,,
sft_ep0034_s0,sft,rotate_red_block_right,10.07,moving,0,,,
sft_ep0034_s1,sft,lift_pink_block_slider,10.07,slow,0,,,
sft_ep0035_s0,sft,open_drawer,10.07,moving,1,,,
sft_ep0036_s0,sft,close_drawer,10.07,moving,1,,,
sft_ep0036_s1,sft,move_slider_left,10.07,moving,1,,,
sft_ep0037_s0,sft,open_drawer,10.07,moving,1,,,
sft_ep0037_s1,sft,push_pink_block_right,10.07,moving,1,,,
sft_ep0037_s2,sft,lift_blue_block_slider,10.07,moving,0,,,
sft_ep0037_s3,sft,place_in_slider,10.07,moving,1,,,
sft_ep0037_s4,sft,move_slider_left,10.07,moving,0,,,
sft_ep0038_s0,sft,rotate_red_block_right,10.07,slow,1,,,
sft_ep0038_s1,sft,push_into_drawer,10.07,moving,1,,,
sft_ep0041_s0,sft,push_blue_block_left,10.07,moving,1,,,
sft_ep0041_s1,sft,lift_red_block_table,10.07,moving,0,,,
sft_ep0042_s0,sft,move_slider_right,10.07,moving,1,,,
sft_ep0044_s0,sft,move_slider_left,10.07,moving,1,,,
sft_ep0044_s1,sft,open_drawer,10.07,moving,1,,,
sft_ep0044_s2,sft,turn_on_lightbulb,10.07,slow,1,,,
sft_ep0044_s3,sft,rotate_red_block_right,10.07,slow,0,,,
sft_ep0044_s4,sft,lift_pink_block_table,10.07,moving,0,,,
sft_ep0045_s0,sft,close_drawer,10.07,moving,1,,,
sft_ep0045_s1,sft,rotate_red_block_left,10.07,slow,0,,,
sft_ep0045_s2,sft,lift_red_block_table,10.07,slow,0,,,
sft_ep0046_s0,sft,turn_on_led,10.07,slow,1,,,
sft_ep0046_s1,sft,move_slider_left,10.07,moving,0,,,
sft_ep0046_s2,sft,rotate_red_block_right,10.07,moving,0,,,
sft_ep0047_s0,sft,rotate_red_block_left,10.07,moving,0,,,
sft_ep0047_s1,sft,move_slider_right,10.07,moving,1,,,
sft_ep0047_s2,sft,turn_on_lightbulb,10.07,slow,1,,,
sft_ep0047_s3,sft,lift_pink_block_table,10.07,moving,0,,,
sft_ep0047_s4,sft,place_in_slider,10.07,moving,1,,,
sft_ep0048_s0,sft,lift_blue_block_slider,10.07,moving,0,,,
sft_ep0049_s0,sft,open_drawer,10.07,moving,1,,,
sft_ep0049_s1,sft,turn_on_led,10.07,slow,1,,,
sft_ep0049_s2,sft,rotate_red_block_left,10.07,slow,0,,,
sft_ep0049_s3,sft,lift_blue_block_slider,10.07,moving,0,,,
sft_ep0050_s0,sft,lift_red_block_slider,10.07,moving,0,,,
sft_ep0050_s1,sft,stack_block,10.07,moving,0,,,
sft_ep0050_s2,sft,close_drawer,10.07,moving,1,,,
sft_ep0051_s0,sft,move_slider_left,10.07,moving,1,,,
sft_ep0051_s1,sft,turn_on_led,10.07,moving,1,,,
sft_ep0051_s2,sft,open_drawer,10.07,moving,1,,,
sft_ep0051_s3,sft,rotate_pink_block_left,10.07,slow,0,,,
sft_ep0052_s0,sft,open_drawer,10.07,moving,1,,,
sft_ep0052_s1,sft,turn_on_lightbulb,10.07,slow,1,,,
sft_ep0052_s2,sft,move_slider_left,10.07,moving,0,,,
sft_ep0052_s3,sft,rotate_red_block_left,10.07,slow,0,,,
sft_ep0054_s0,sft,push_red_block_left,10.07,moving,1,,,
sft_ep0054_s1,sft,turn_on_led,10.07,slow,0,,,
sft_ep0054_s2,sft,lift_pink_block_table,10.07,moving,0,,,
sft_ep0055_s0,sft,move_slider_left,10.07,moving,1,,,
sft_ep0055_s1,sft,push_pink_block_left,10.07,slow,1,,,
sft_ep0055_s2,sft,lift_pink_block_table,10.07,moving,1,,,
sft_ep0056_s0,sft,open_drawer,10.07,moving,1,,,
sft_ep0056_s1,sft,lift_red_block_slider,10.07,moving,0,,,
sft_ep0057_s0,sft,turn_on_lightbulb,10.07,moving,1,,,
sft_ep0057_s1,sft,move_slider_right,10.07,moving,1,,,
sft_ep0057_s2,sft,open_drawer,10.07,moving,1,,,
sft_ep0057_s3,sft,lift_red_block_slider,10.07,moving,0,,,
sft_ep0057_s4,sft,place_in_slider,10.07,moving,1,,,
sft_ep0058_s0,sft,turn_on_lightbulb,10.07,moving,0,,,
sft_ep0058_s1,sft,close_drawer,10.07,moving,1,,,
sft_ep0058_s2,sft,rotate_pink_block_right,10.07,moving,0,,,
sft_ep0059_s0,sft,lift_red_block_table,10.07,moving,1,,,
sft_ep0060_s0,sft,open_drawer,10.07,moving,1,,,
sft_ep0060_s1,sft,push_blue_block_left,10.07,moving,0,,,
sft_ep0060_s2,sft,move_slider_left,10.07,moving,1,,,
sft_ep0060_s3,sft,turn_on_lightbulb,10.07,moving,0,,,
sft_ep0060_s4,sft,lift_pink_block_slider,10.07,moving,0,,,
sft_ep0061_s0,sft,open_drawer,10.07,moving,1,,,
sft_ep0061_s1,sft,turn_on_led,10.07,slow,0,,,
sft_ep0061_s2,sft,rotate_blue_block_left,10.07,slow,0,,,
sft_ep0061_s3,sft,lift_red_block_slider,10.07,slow,0,,,
sft_ep0062_s0,sft,lift_blue_block_table,10.07,slow,0,,,
sft_ep0063_s0,sft,open_drawer,10.07,moving,1,,,
sft_ep0063_s1,sft,lift_pink_block_table,10.07,moving,0,,,
sft_ep0063_s2,sft,stack_block,10.07,moving,1,,,
sft_ep0063_s3,sft,unstack_block,10.07,slow,1,,,
sft_ep0063_s4,sft,turn_on_led,10.07,moving,0,,,
sft_ep0065_s0,sft,turn_off_lightbulb,10.07,slow,0,,,
sft_ep0065_s1,sft,rotate_red_block_right,10.07,slow,0,,,
sft_ep0066_s0,sft,push_pink_block_right,10.07,moving,1,,,
sft_ep0066_s1,sft,lift_pink_block_table,10.07,moving,1,,,
sft_ep0066_s2,sft,place_in_slider,10.07,moving,1,,,
sft_ep0067_s0,sft,turn_on_led,10.07,slow,0,,,
sft_ep0067_s1,sft,move_slider_right,10.07,moving,1,,,
sft_ep0067_s2,sft,push_blue_block_left,10.07,moving,0,,,
sft_ep0068_s0,sft,push_pink_block_left,10.07,moving,1,,,
sft_ep0068_s1,sft,move_slider_left,10.07,moving,1,,,
sft_ep0069_s0,sft,close_drawer,10.07,moving,1,,,
sft_ep0069_s1,sft,move_slider_right,10.07,moving,1,,,
sft_ep0069_s2,sft,turn_on_led,10.07,slow,0,,,
sft_ep0069_s3,sft,rotate_red_block_left,10.07,slow,0,,,
sft_ep0070_s0,sft,rotate_blue_block_right,10.07,slow,0,,,
sft_ep0070_s1,sft,lift_pink_block_slider,10.07,moving,0,,,
sft_ep0070_s2,sft,place_in_slider,10.07,moving,1,,,
sft_ep0071_s0,sft,move_slider_right,10.07,moving,1,,,
sft_ep0071_s1,sft,turn_on_led,10.07,slow,1,,,
sft_ep0071_s2,sft,lift_blue_block_slider,10.07,moving,0,,,
sft_ep0072_s0,sft,push_red_block_left,10.07,slow,0,,,
sft_ep0072_s1,sft,lift_blue_block_table,10.07,moving,1,,,
sft_ep0073_s0,sft,push_red_block_left,10.07,moving,1,,,
sft_ep0073_s1,sft,move_slider_left,10.07,moving,1,,,
sft_ep0073_s2,sft,open_drawer,10.07,moving,1,,,
sft_ep0073_s3,sft,lift_red_block_table,10.07,moving,1,,,
sft_ep0074_s0,sft,turn_off_led,10.07,slow,1,,,
sft_ep0074_s1,sft,move_slider_left,10.07,moving,1,,,
sft_ep0075_s0,sft,push_pink_block_left,10.07,slow,1,,,
sft_ep0075_s1,sft,close_drawer,10.07,moving,1,,,
sft_ep0076_s0,sft,rotate_pink_block_right,10.07,slow,0,,,
sft_ep0076_s1,sft,move_slider_left,10.07,moving,1,,,
sft_ep0076_s2,sft,turn_on_lightbulb,10.07,moving,1,,,
sft_ep0077_s0,sft,turn_off_lightbulb,10.07,moving,1,,,
sft_ep0077_s1,sft,move_slider_right,10.07,moving,1,,,
sft_ep0078_s0,sft,open_drawer,10.07,moving,1,,,
sft_ep0078_s1,sft,turn_off_lightbulb,10.07,slow,1,,,
sft_ep0078_s2,sft,lift_red_block_table,10.07,moving,0,,,
sft_ep0078_s3,sft,stack_block,10.07,slow,0,,,
sft_ep0078_s4,sft,move_slider_right,10.07,moving,1,,,
sft_ep0079_s0,sft,rotate_red_block_left,10.07,slow,0,,,
sft_ep0079_s1,sft,move_slider_right,10.07,moving,1,,,
sft_ep0079_s2,sft,turn_on_led,10.07,slow,0,,,
sft_ep0079_s3,sft,open_drawer,10.07,moving,1,,,
sft_ep0079_s4,sft,push_into_drawer,10.07,moving,1,,,
sft_ep0080_s0,sft,rotate_blue_block_left,10.07,slow,0,,,
sft_ep0080_s1,sft,open_drawer,10.07,moving,1,,,
sft_ep0080_s2,sft,turn_on_lightbulb,10.07,moving,0,,,
sft_ep0080_s3,sft,lift_red_block_table,10.07,moving,1,,,
sft_ep0080_s4,sft,stack_block,10.07,slow,0,,,
sft_ep0081_s0,sft,close_drawer,10.07,moving,1,,,
sft_ep0081_s1,sft,rotate_red_block_left,10.07,slow,0,,,
sft_ep0081_s2,sft,lift_blue_block_table,10.07,moving,1,,,
sft_ep0081_s3,sft,place_in_slider,10.07,moving,1,,,
sft_ep0081_s4,sft,turn_on_lightbulb,10.07,slow,0,,,
sft_ep0082_s0,sft,push_blue_block_left,10.07,moving,1,,,
sft_ep0082_s1,sft,move_slider_right,10.07,moving,1,,,
sft_ep0082_s2,sft,open_drawer,10.07,moving,1,,,
sft_ep0082_s3,sft,turn_on_led,10.07,slow,0,,,
sft_ep0082_s4,sft,lift_red_block_slider,10.07,slow,0,,,
sft_ep0083_s0,sft,push_blue_block_left,10.07,moving,1,,,
sft_ep0084_s0,sft,turn_on_led,10.07,slow,1,,,
sft_ep0084_s1,sft,push_into_drawer,10.07,moving,1,,,
sft_ep0084_s2,sft,close_drawer,10.07,moving,1,,,
sft_ep0084_s3,sft,lift_blue_block_slider,10.07,moving,0,,,
sft_ep0085_s0,sft,close_drawer,10.07,moving,1,,,
sft_ep0085_s1,sft,move_slider_left,10.07,moving,1,,,
sft_ep0085_s2,sft,turn_off_lightbulb,10.07,moving,1,,,
sft_ep0085_s3,sft,rotate_red_block_left,10.07,moving,0,,,
sft_ep0085_s4,sft,lift_red_block_table,10.07,moving,0,,,
sft_ep0086_s0,sft,lift_red_block_slider,10.07,moving,0,,,
sft_ep0087_s0,sft,lift_red_block_table,10.07,slow,1,,,
sft_ep0087_s1,sft,place_in_slider,10.07,moving,1,,,
sft_ep0087_s2,sft,move_slider_left,10.07,moving,1,,,
sft_ep0087_s3,sft,turn_on_led,10.07,slow,0,,,
sft_ep0088_s0,sft,turn_on_led,10.07,slow,0,,,
sft_ep0088_s1,sft,rotate_red_block_right,10.07,slow,0,,,
sft_ep0089_s0,sft,move_slider_left,10.07,moving,1,,,
sft_ep0089_s1,sft,rotate_blue_block_left,10.07,slow,0,,,
sft_ep0089_s2,sft,push_into_drawer,10.07,moving,1,,,
sft_ep0090_s0,sft,push_red_block_right,10.07,moving,1,,,
sft_ep0090_s1,sft,lift_blue_block_slider,10.07,slow,0,,,
sft_ep0091_s0,sft,lift_blue_block_table,10.07,moving,0,,,
sft_ep0092_s0,sft,rotate_pink_block_right,10.07,slow,0,,,
sft_ep0092_s1,sft,turn_on_lightbulb,10.07,slow,0,,,
sft_ep0092_s2,sft,close_drawer,10.07,moving,1,,,
sft_ep0092_s3,sft,lift_red_block_slider,10.07,moving,0,,,
sft_ep0093_s0,sft,lift_pink_block_table,10.07,slow,1,,,
sft_ep0093_s1,sft,place_in_slider,10.07,moving,1,,,
sft_ep0093_s2,sft,turn_on_led,10.07,slow,1,,,
sft_ep0094_s0,sft,lift_blue_block_table,10.07,slow,1,,,
sft_ep0094_s1,sft,place_in_slider,10.07,slow,1,,,
sft_ep0094_s2,sft,turn_on_lightbulb,10.07,moving,1,,,
sft_ep0094_s3,sft,push_pink_block_right,10.07,moving,1,,,
sft_ep0094_s4,sft,open_drawer,10.07,moving,1,,,
sft_ep0095_s0,sft,turn_off_led,10.07,slow,0,,,
sft_ep0095_s1,sft,move_slider_left,10.07,moving,1,,,
sft_ep0095_s2,sft,push_red_block_left,10.07,slow,1,,,
sft_ep0095_s3,sft,lift_red_block_table,10.07,slow,1,,,
sft_ep0095_s4,sft,stack_block,10.07,slow,0,,,
sft_ep0096_s0,sft,push_into_drawer,10.07,moving,1,,,
sft_ep0096_s1,sft,lift_blue_block_drawer,10.07,slow,0,,,
sft_ep0097_s0,sft,lift_pink_block_table,10.07,moving,0,,,
sft_ep0097_s1,sft,place_in_drawer,10.07,slow,1,,,
sft_ep0097_s2,sft,turn_off_lightbulb,10.07,moving,1,,,
sft_ep0097_s3,sft,lift_blue_block_slider,10.07,moving,0,,,
sft_ep0098_s0,sft,push_into_drawer,10.07,moving,1,,,
sft_ep0099_s0,sft,push_pink_block_left,10.07,moving,1,,,
sft_ep0099_s1,sft,turn_on_led,10.07,slow,0,,,
sft_ep0099_s2,sft,move_slider_right,10.07,moving,1,,,
sft_ep0099_s3,sft,push_into_drawer,10.07,moving,1,,,
sft_ep0099_s4,sft,lift_blue_block_slider,10.07,moving,0,,,
rl_ep0000_s0,rl,lift_blue_block_slider,10.07,moving,0,,,
rl_ep0001_s0,rl,move_slider_right,10.07,moving,1,,,
rl_ep0001_s1,rl,rotate_red_block_right,10.07,slow,0,,,
rl_ep0001_s2,rl,turn_off_lightbulb,10.07,moving,0,,,
rl_ep0001_s3,rl,lift_red_block_table,10.07,slow,0,,,
rl_ep0002_s0,rl,turn_on_led,10.07,moving,0,,,
rl_ep0002_s1,rl,push_pink_block_left,10.07,moving,1,,,
rl_ep0002_s2,rl,lift_pink_block_table,10.07,moving,0,,,
rl_ep0003_s0,rl,rotate_blue_block_left,10.07,moving,0,,,
rl_ep0003_s1,rl,move_slider_left,10.07,moving,1,,,
rl_ep0003_s2,rl,lift_blue_block_table,10.07,moving,0,,,
rl_ep0004_s0,rl,push_red_block_right,10.07,moving,1,,,
rl_ep0004_s1,rl,move_slider_right,10.07,moving,1,,,
rl_ep0004_s2,rl,lift_pink_block_slider,10.07,moving,0,,,
rl_ep0005_s0,rl,push_pink_block_right,10.07,moving,1,,,
rl_ep0006_s0,rl,turn_on_led,10.07,moving,0,,,
rl_ep0006_s1,rl,rotate_pink_block_right,10.07,slow,0,,,
rl_ep0006_s2,rl,close_drawer,10.07,moving,1,,,
rl_ep0007_s0,rl,turn_on_led,10.07,moving,0,,,
rl_ep0007_s1,rl,lift_red_block_table,10.07,moving,1,,,
rl_ep0008_s0,rl,rotate_pink_block_right,10.07,slow,0,,,
rl_ep0008_s1,rl,open_drawer,10.07,moving,1,,,
rl_ep0008_s2,rl,lift_blue_block_table,10.07,moving,1,,,
rl_ep0008_s3,rl,place_in_slider,10.07,moving,1,,,
rl_ep0008_s4,rl,turn_off_lightbulb,10.07,moving,0,,,
rl_ep0009_s0,rl,move_slider_right,10.07,moving,1,,,
rl_ep0009_s1,rl,rotate_pink_block_right,10.07,moving,0,,,
rl_ep0009_s2,rl,lift_red_block_slider,10.07,moving,0,,,
rl_ep0010_s0,rl,lift_blue_block_slider,10.07,moving,1,,,
rl_ep0010_s1,rl,place_in_slider,10.07,moving,1,,,
rl_ep0010_s2,rl,open_drawer,10.07,moving,1,,,
rl_ep0011_s0,rl,rotate_pink_block_right,10.07,slow,0,,,
rl_ep0011_s1,rl,move_slider_right,10.07,moving,1,,,
rl_ep0011_s2,rl,turn_on_led,10.07,moving,1,,,
rl_ep0011_s3,rl,close_drawer,10.07,moving,1,,,
rl_ep0012_s0,rl,open_drawer,10.07,moving,1,,,
rl_ep0012_s1,rl,lift_pink_block_table,10.07,moving,0,,,
rl_ep0013_s0,rl,move_slider_left,10.07,moving,0,,,
rl_ep0013_s1,rl,push_blue_block_right,10.07,moving,1,,,
rl_ep0013_s2,rl,turn_on_lightbulb,10.07,slow,0,,,
rl_ep0013_s3,rl,lift_blue_block_table,10.07,moving,1,,,
rl_ep0013_s4,rl,place_in_slider,10.07,moving,1,,,
rl_ep0014_s0,rl,push_blue_block_left,10.07,moving,1,,,
rl_ep0014_s1,rl,lift_blue_block_table,10.07,moving,0,,,
rl_ep0015_s0,rl,rotate_blue_block_left,10.07,slow,0,,,
rl_ep0015_s1,rl,open_drawer,10.07,moving,1,,,
rl_ep0015_s2,rl,lift_pink_block_table,10.07,moving,0,,,
rl_ep0016_s0,rl,lift_red_block_slider,10.07,moving,0,,,
rl_ep0016_s1,rl,place_in_drawer,10.07,moving,1,,,
rl_ep0016_s2,rl,move_slider_left,10.07,moving,1,,,
rl_ep0016_s3,rl,turn_on_led,10.07,slow,0,,,
rl_ep0016_s4,rl,close_drawer,10.07,moving,1,,,
rl_ep0017_s0,rl,push_red_block_left,10.07,moving,0,,,
rl_ep0018_s0,rl,turn_on_led,10.07,moving,0,,,
rl_ep0018_s1,rl,open_drawer,10.07,moving,1,,,
rl_ep0018_s2,rl,push_pink_block_left,10.07,moving,1,,,
rl_ep0018_s3,rl,lift_blue_block_table,10.07,moving,1,,,
rl_ep0018_s4,rl,place_in_drawer,10.07,moving,1,,,
rl_ep0019_s0,rl,lift_blue_block_slider,10.07,moving,0,,,
rl_ep0020_s0,rl,lift_red_block_slider,10.07,moving,0,,,
rl_ep0021_s0,rl,lift_pink_block_table,10.07,moving,0,,,
rl_ep0021_s1,rl,place_in_drawer,10.07,moving,1,,,
rl_ep0021_s2,rl,rotate_red_block_left,10.07,moving,0,,,
rl_ep0021_s3,rl,move_slider_left,10.07,moving,1,,,
rl_ep0022_s0,rl,push_red_block_left,10.07,moving,1,,,
rl_ep0022_s1,rl,open_drawer,10.07,moving,1,,,
rl_ep0022_s2,rl,lift_pink_block_slider,10.07,moving,0,,,
rl_ep0022_s3,rl,place_in_drawer,10.07,moving,1,,,
rl_ep0023_s0,rl,turn_on_led,10.07,moving,0,,,
rl_ep0023_s1,rl,push_pink_block_right,10.07,moving,1,,,
rl_ep0023_s2,rl,lift_pink_block_table,10.07,moving,1,,,
rl_ep0023_s3,rl,place_in_drawer,10.07,moving,1,,,
rl_ep0023_s4,rl,close_drawer,10.07,moving,1,,,
rl_ep0024_s0,rl,turn_on_lightbulb,10.07,moving,1,,,
rl_ep0024_s1,rl,move_slider_right,10.07,moving,1,,,
rl_ep0024_s2,rl,push_pink_block_left,10.07,moving,0,,,
rl_ep0024_s3,rl,lift_blue_block_table,10.07,moving,0,,,
rl_ep0025_s0,rl,rotate_blue_block_right,10.07,moving,0,,,
rl_ep0025_s1,rl,turn_off_lightbulb,10.07,moving,1,,,
rl_ep0025_s2,rl,open_drawer,10.07,moving,1,,,
rl_ep0025_s3,rl,move_slider_left,10.07,moving,0,,,
rl_ep0025_s4,rl,lift_blue_block_table,10.07,moving,1,,,
rl_ep0026_s0,rl,rotate_blue_block_right,10.07,slow,0,,,
rl_ep0026_s1,rl,lift_blue_block_table,10.07,moving,1,,,
rl_ep0026_s2,rl,place_in_slider,10.07,moving,1,,,
rl_ep0026_s3,rl,turn_on_lightbulb,10.07,moving,1,,,
rl_ep0026_s4,rl,open_drawer,10.07,moving,1,,,
rl_ep0027_s0,rl,rotate_red_block_right,10.07,slow,0,,,
rl_ep0027_s1,rl,open_drawer,10.07,moving,1,,,
rl_ep0027_s2,rl,turn_off_led,10.07,moving,1,,,
rl_ep0027_s3,rl,lift_red_block_table,10.07,moving,0,,,
rl_ep0027_s4,rl,place_in_drawer,10.07,moving,1,,,
rl_ep0028_s0,rl,open_drawer,10.07,moving,1,,,
rl_ep0028_s1,rl,move_slider_right,10.07,moving,1,,,
rl_ep0028_s2,rl,turn_on_led,10.07,moving,1,,,
rl_ep0028_s3,rl,rotate_blue_block_right,10.07,slow,0,,,
rl_ep0028_s4,rl,lift_red_block_slider,10.07,moving,0,,,
rl_ep0029_s0,rl,turn_off_lightbulb,10.07,moving,0,,,
rl_ep0029_s1,rl,open_drawer,10.07,moving,1,,,
rl_ep0029_s2,rl,push_red_block_left,10.07,moving,1,,,
rl_ep0029_s3,rl,move_slider_right,10.07,moving,1,,,
rl_ep0030_s0,rl,lift_blue_block_table,10.07,moving,1,,,
rl_ep0030_s1,rl,place_in_slider,10.07,slow,1,,,
rl_ep0031_s0,rl,move_slider_right,10.07,moving,1,,,
rl_ep0032_s0,rl,move_slider_right,10.07,moving,1,,,
rl_ep0032_s1,rl,lift_blue_block_table,10.07,moving,0,,,
rl_ep0032_s2,rl,stack_block,10.07,moving,0,,,
rl_ep0032_s3,rl,close_drawer,10.07,moving,1,,,
rl_ep0032_s4,rl,turn_on_led,10.07,moving,1,,,
rl_ep0033_s0,rl,push_pink_block_left,10.07,moving,1,,,
rl_ep0033_s1,rl,turn_on_led,10.07,slow,0,,,
rl_ep0033_s2,rl,push_into_drawer,10.07,moving,1,,,
rl_ep0033_s3,rl,move_slider_left,10.07,moving,1,,,
rl_ep0033_s4,rl,close_drawer,10.07,moving,1,,,
rl_ep0034_s0,rl,rotate_red_block_right,10.07,moving,0,,,
rl_ep0034_s1,rl,lift_pink_block_slider,10.07,moving,0,,,
rl_ep0035_s0,rl,open_drawer,10.07,moving,1,,,
rl_ep0035_s1,rl,lift_blue_block_slider,10.07,moving,1,,,
rl_ep0035_s2,rl,place_in_slider,10.07,moving,1,,,
rl_ep0035_s3,rl,turn_on_lightbulb,10.07,moving,1,,,
rl_ep0036_s0,rl,close_drawer,10.07,moving,1,,,
rl_ep0036_s1,rl,move_slider_left,10.07,moving,1,,,
rl_ep0036_s2,rl,rotate_pink_block_left,10.07,slow,0,,,
rl_ep0037_s0,rl,open_drawer,10.07,moving,1,,,
rl_ep0037_s1,rl,push_pink_block_right,10.07,slow,1,,,
rl_ep0037_s2,rl,lift_blue_block_slider,10.07,moving,0,,,
rl_ep0038_s0,rl,rotate_red_block_right,10.07,slow,0,,,
rl_ep0039_s0,rl,push_pink_block_left,10.07,moving,1,,,
rl_ep0039_s1,rl,turn_on_led,10.07,moving,0,,,
rl_ep0039_s2,rl,lift_red_block_table,10.07,moving,1,,,
rl_ep0041_s0,rl,push_blue_block_left,10.07,moving,1,,,
rl_ep0041_s1,rl,lift_red_block_table,10.07,moving,1,,,
rl_ep0041_s2,rl,stack_block,10.07,moving,1,,,
rl_ep0041_s3,rl,turn_off_lightbulb,10.07,moving,1,,,
rl_ep0041_s4,rl,unstack_block,10.07,moving,1,,,
rl_ep0042_s0,rl,move_slider_right,10.07,moving,1,,,
rl_ep0042_s1,rl,turn_on_lightbulb,10.07,moving,1,,,
rl_ep0042_s2,rl,push_pink_block_left,10.07,moving,1,,,
rl_ep0042_s3,rl,lift_blue_block_table,10.07,moving,0,,,
rl_ep0042_s4,rl,place_in_slider,10.07,moving,1,,,
rl_ep0043_s0,rl,push_red_block_left,10.07,moving,1,,,
rl_ep0043_s1,rl,move_slider_right,10.07,moving,1,,,
rl_ep0043_s2,rl,lift_blue_block_slider,10.07,moving,0,,,
rl_ep0043_s3,rl,place_in_slider,10.07,moving,1,,,
rl_ep0043_s4,rl,turn_on_led,10.07,slow,1,,,
rl_ep0044_s0,rl,move_slider_left,10.07,moving,1,,,
rl_ep0044_s1,rl,open_drawer,10.07,moving,1,,,
rl_ep0044_s2,rl,turn_on_lightbulb,10.07,moving,1,,,
rl_ep0044_s3,rl,rotate_red_block_right,10.07,slow,0,,,
rl_ep0044_s4,rl,lift_pink_block_table,10.07,moving,0,,,
rl_ep0045_s0,rl,close_drawer,10.07,moving,1,,,
rl_ep0045_s1,rl,rotate_red_block_left,10.07,moving,0,,,
rl_ep0046_s0,rl,turn_on_led,10.07,moving,1,,,
rl_ep0046_s1,rl,move_slider_left,10.07,moving,1,,,
rl_ep0047_s0,rl,rotate_red_block_left,10.07,slow,0,,,
rl_ep0047_s1,rl,move_slider_right,10.07,moving,1,,,
rl_ep0047_s2,rl,turn_on_lightbulb,10.07,moving,0,,,
rl_ep0047_s3,rl,lift_pink_block_table,10.07,moving,0,,,
rl_ep0047_s4,rl,place_in_slider,10.07,moving,0,,,
rl_ep0048_s0,rl,lift_blue_block_slider,10.07,moving,0,,,
rl_ep0049_s0,rl,open_drawer,10.07,moving,1,,,
rl_ep0049_s1,rl,turn_on_led,10.07,moving,1,,,
rl_ep0049_s2,rl,rotate_red_block_left,10.07,slow,0,,,
rl_ep0049_s3,rl,lift_blue_block_slider,10.07,moving,0,,,
rl_ep0050_s0,rl,lift_red_block_slider,10.07,moving,0,,,
rl_ep0050_s1,rl,stack_block,10.07,moving,1,,,
rl_ep0050_s2,rl,close_drawer,10.07,moving,1,,,
rl_ep0050_s3,rl,unstack_block,10.07,slow,1,,,
rl_ep0050_s4,rl,push_red_block_left,10.07,moving,1,,,
rl_ep0051_s0,rl,move_slider_left,10.07,slow,1,,,
rl_ep0051_s1,rl,turn_on_led,10.07,moving,1,,,
rl_ep0051_s2,rl,open_drawer,10.07,moving,1,,,
rl_ep0051_s3,rl,rotate_pink_block_left,10.07,slow,0,,,
rl_ep0052_s0,rl,open_drawer,10.07,moving,1,,,
rl_ep0052_s1,rl,turn_on_lightbulb,10.07,moving,1,,,
rl_ep0052_s2,rl,move_slider_left,10.07,moving,1,,,
rl_ep0052_s3,rl,rotate_red_block_left,10.07,slow,1,,,
rl_ep0052_s4,rl,lift_red_block_table,10.07,moving,0,,,
rl_ep0053_s0,rl,push_blue_block_right,10.07,moving,1,,,
rl_ep0053_s1,rl,turn_on_lightbulb,10.07,moving,0,,,
rl_ep0053_s2,rl,open_drawer,10.07,moving,1,,,
rl_ep0053_s3,rl,lift_blue_block_table,10.07,moving,0,,,
rl_ep0053_s4,rl,place_in_drawer,10.07,moving,1,,,
rl_ep0054_s0,rl,push_red_block_left,10.07,moving,1,,,
rl_ep0054_s1,rl,turn_on_led,10.07,slow,0,,,
rl_ep0054_s2,rl,lift_pink_block_table,10.07,moving,0,,,
rl_ep0055_s0,rl,move_slider_left,10.07,moving,1,,,
rl_ep0055_s1,rl,push_pink_block_left,10.07,moving,1,,,
rl_ep0055_s2,rl,lift_pink_block_table,10.07,moving,0,,,
rl_ep0056_s0,rl,open_drawer,10.07,moving,1,,,
rl_ep0056_s1,rl,lift_red_block_slider,10.07,moving,0,,,
rl_ep0056_s2,rl,place_in_drawer,10.07,moving,1,,,
rl_ep0056_s3,rl,move_slider_left,10.07,moving,0,,,
rl_ep0057_s0,rl,turn_on_lightbulb,10.07,moving,1,,,
rl_ep0057_s1,rl,move_slider_right,10.07,slow,1,,,
rl_ep0058_s0,rl,turn_on_lightbulb,10.07,moving,1,,,
rl_ep0058_s1,rl,close_drawer,10.07,moving,1,,,
rl_ep0058_s2,rl,rotate_pink_block_right,10.07,moving,0,,,
rl_ep0058_s3,rl,lift_red_block_slider,10.07,moving,0,,,
rl_ep0059_s0,rl,lift_red_block_table,10.07,moving,1,,,
rl_ep0060_s0,rl,open_drawer,10.07,moving,1,,,
rl_ep0060_s1,rl,push_blue_block_left,10.07,moving,1,,,
rl_ep0060_s2,rl,move_slider_left,10.07,moving,1,,,
rl_ep0060_s3,rl,turn_on_lightbulb,10.07,moving,0,,,
rl_ep0060_s4,rl,lift_pink_block_slider,10.07,moving,0,,,
rl_ep0061_s0,rl,open_drawer,10.07,moving,1,,,
rl_ep0061_s1,rl,turn_on_led,10.07,moving,1,,,
rl_ep0061_s2,rl,rotate_blue_block_left,10.07,slow,0,,,
rl_ep0061_s3,rl,lift_red_block_slider,10.07,moving,0,,,
rl_ep0062_s0,rl,lift_blue_block_table,10.07,moving,0,,,
rl_ep0063_s0,rl,open_drawer,10.07,moving,1,,,
rl_ep0063_s1,rl,lift_pink_block_table,10.07,moving,0,,,
rl_ep0063_s2,rl,stack_block,10.07,moving,0,,,
rl_ep0064_s0,rl,push_blue_block_right,10.07,moving,1,,,
rl_ep0064_s1,rl,lift_red_block_slider,10.07,slow,0,,,
rl_ep0065_s0,rl,turn_off_lightbulb,10.07,moving,1,,,
rl_ep0065_s1,rl,rotate_red_block_right,10.07,moving,0,,,
rl_ep0066_s0,rl,push_pink_block_right,10.07,moving,1,,,
rl_ep0066_s1,rl,lift_pink_block_table,10.07,moving,1,,,
rl_ep0066_s2,rl,place_in_slider,10.07,moving,1,,,
rl_ep0067_s0,rl,turn_on_led,10.07,moving,1,,,
rl_ep0067_s1,rl,move_slider_right,10.07,moving,1,,,
rl_ep0068_s0,rl,push_pink_block_left,10.07,moving,1,,,
rl_ep0068_s1,rl,move_slider_left,10.07,moving,1,,,
rl_ep0068_s2,rl,lift_blue_block_slider,10.07,moving,0,,,
rl_ep0068_s3,rl,place_in_drawer,10.07,moving,1,,,
rl_ep0068_s4,rl,close_drawer,10.07,moving,1,,,
rl_ep0069_s0,rl,close_drawer,10.07,moving,1,,,
rl_ep0069_s1,rl,move_slider_right,10.07,moving,1,,,
rl_ep0069_s2,rl,turn_on_led,10.07,moving,0,,,
rl_ep0069_s3,rl,rotate_red_block_left,10.07,slow,0,,,
rl_ep0070_s0,rl,rotate_blue_block_right,10.07,moving,0,,,
rl_ep0070_s1,rl,lift_pink_block_slider,10.07,moving,0,,,
rl_ep0071_s0,rl,move_slider_right,10.07,moving,1,,,
rl_ep0071_s1,rl,turn_on_led,10.07,slow,1,,,
rl_ep0071_s2,rl,lift_blue_block_slider,10.07,moving,0,,,
rl_ep0072_s0,rl,push_red_block_left,10.07,moving,1,,,
rl_ep0072_s1,rl,lift_blue_block_table,10.07,moving,1,,,
rl_ep0073_s0,rl,push_red_block_left,10.07,moving,1,,,
rl_ep0073_s1,rl,move_slider_left,10.07,moving,1,,,
rl_ep0073_s2,rl,open_drawer,10.07,moving,1,,,
rl_ep0073_s3,rl,lift_red_block_table,10.07,moving,1,,,
rl_ep0074_s0,rl,turn_off_led,10.07,slow,0,,,
rl_ep0074_s1,rl,move_slider_left,10.07,slow,1,,,
rl_ep0074_s2,rl,push_red_block_left,10.07,moving,1,,,
rl_ep0074_s3,rl,lift_pink_block_table,10.07,moving,1,,,
rl_ep0075_s0,rl,push_pink_block_left,10.07,moving,1,,,
rl_ep0075_s1,rl,close_drawer,10.07,moving,1,,,
rl_ep0075_s2,rl,lift_blue_block_table,10.07,moving,0,,,
rl_ep0076_s0,rl,rotate_pink_block_right,10.07,moving,0,,,
rl_ep0076_s1,rl,move_slider_left,10.07,moving,1,,,
rl_ep0076_s2,rl,turn_on_lightbulb,10.07,moving,1,,,
rl_ep0076_s3,rl,close_drawer,10.07,moving,1,,,
rl_ep0077_s0,rl,turn_off_lightbulb,10.07,moving,1,,,
rl_ep0077_s1,rl,move_slider_right,10.07,moving,1,,,
rl_ep0077_s2,rl,push_blue_block_right,10.07,moving,0,,,
rl_ep0077_s3,rl,close_drawer,10.07,moving,1,,,
rl_ep0078_s0,rl,open_drawer,10.07,moving,1,,,
rl_ep0078_s1,rl,turn_off_lightbulb,10.07,moving,1,,,
rl_ep0078_s2,rl,lift_red_block_table,10.07,moving,1,,,
rl_ep0079_s0,rl,rotate_red_block_left,10.07,slow,0,,,
rl_ep0079_s1,rl,move_slider_right,10.07,moving,1,,,
rl_ep0079_s2,rl,turn_on_led,10.07,moving,0,,,
rl_ep0079_s3,rl,open_drawer,10.07,moving,1,,,
rl_ep0079_s4,rl,push_into_drawer,10.07,moving,1,,,
rl_ep0080_s0,rl,rotate_blue_block_left,10.07,slow,0,,,
rl_ep0080_s1,rl,open_drawer,10.07,moving,1,,,
rl_ep0080_s2,rl,turn_on_lightbulb,10.07,moving,1,,,
rl_ep0080_s3,rl,lift_red_block_table,10.07,moving,1,,,
rl_ep0080_s4,rl,stack_block,10.07,moving,1,,,
rl_ep0081_s0,rl,close_drawer,10.07,moving,1,,,
rl_ep0081_s1,rl,rotate_red_block_left,10.07,moving,0,,,
rl_ep0081_s2,rl,lift_blue_block_table,10.07,moving,1,,,
rl_ep0081_s3,rl,place_in_slider,10.07,moving,1,,,
rl_ep0081_s4,rl,turn_on_lightbulb,10.07,moving,0,,,
rl_ep0082_s0,rl,push_blue_block_left,10.07,moving,0,,,
rl_ep0083_s0,rl,push_blue_block_left,10.07,moving,1,,,
rl_ep0083_s1,rl,push_into_drawer,10.07,moving,1,,,
rl_ep0083_s2,rl,lift_blue_block_drawer,10.07,moving,0,,,
rl_ep0084_s0,rl,turn_on_led,10.07,moving,0,,,
rl_ep0084_s1,rl,push_into_drawer,10.07,moving,1,,,
rl_ep0084_s2,rl,close_drawer,10.07,moving,1,,,
rl_ep0084_s3,rl,lift_blue_block_slider,10.07,moving,0,,,
rl_ep0085_s0,rl,close_drawer,10.07,moving,1,,,
rl_ep0085_s1,rl,move_slider_left,10.07,moving,1,,,
rl_ep0085_s2,rl,turn_off_lightbulb,10.07,moving,1,,,
rl_ep0085_s3,rl,rotate_red_block_left,10.07,slow,0,,,
rl_ep0085_s4,rl,lift_red_block_table,10.07,moving,1,,,
rl_ep0086_s0,rl,lift_red_block_slider,10.07,moving,1,,,
rl_ep0086_s1,rl,stack_block,10.07,moving,0,,,
rl_ep0087_s0,rl,lift_red_block_table,10.07,moving,0,,,
rl_ep0087_s1,rl,place_in_slider,10.07,moving,1,,,
rl_ep0087_s2,rl,move_slider_left,10.07,moving,0,,,
rl_ep0087_s3,rl,turn_on_led,10.07,moving,0,,,
rl_ep0088_s0,rl,turn_on_led,10.07,moving,0,,,
rl_ep0088_s1,rl,rotate_red_block_right,10.07,moving,0,,,
rl_ep0089_s0,rl,move_slider_left,10.07,moving,1,,,
rl_ep0089_s1,rl,rotate_blue_block_left,10.07,slow,0,,,
rl_ep0090_s0,rl,push_red_block_right,10.07,slow,1,,,
rl_ep0090_s1,rl,lift_blue_block_slider,10.07,moving,0,,,
rl_ep0091_s0,rl,lift_blue_block_table,10.07,moving,0,,,
rl_ep0092_s0,rl,rotate_pink_block_right,10.07,slow,0,,,
rl_ep0092_s1,rl,turn_on_lightbulb,10.07,moving,0,,,
rl_ep0092_s2,rl,close_drawer,10.07,moving,1,,,
rl_ep0092_s3,rl,lift_red_block_slider,10.07,moving,1,,,
rl_ep0092_s4,rl,place_in_slider,10.07,moving,1,,,
rl_ep0093_s0,rl,lift_pink_block_table,10.07,moving,0,,,
rl_ep0094_s0,rl,lift_blue_block_table,10.07,moving,1,,,
rl_ep0094_s1,rl,place_in_slider,10.07,moving,1,,,
rl_ep0094_s2,rl,turn_on_lightbulb,10.07,moving,0,,,
rl_ep0094_s3,rl,push_pink_block_right,10.07,moving,0,,,
rl_ep0094_s4,rl,open_drawer,10.07,moving,1,,,
rl_ep0095_s0,rl,turn_off_led,10.07,moving,1,,,
rl_ep0095_s1,rl,move_slider_left,10.07,moving,1,,,
rl_ep0095_s2,rl,push_red_block_left,10.07,moving,0,,,
rl_ep0096_s0,rl,push_into_drawer,10.07,moving,1,,,
rl_ep0096_s1,rl,lift_blue_block_drawer,10.07,slow,0,,,
rl_ep0097_s0,rl,lift_pink_block_table,10.07,moving,0,,,
rl_ep0098_s0,rl,push_into_drawer,10.07,moving,1,,,
rl_ep0099_s0,rl,push_pink_block_left,10.07,moving,1,,,
rl_ep0099_s1,rl,turn_on_led,10.07,moving,1,,,
rl_ep0099_s2,rl,move_slider_right,10.07,moving,1,,,
rl_ep0099_s3,rl,push_into_drawer,10.07,moving,1,,,
