clip,model,episode,subtask_index,subtask,verdict,held_end,lead_frames,wait_frames,wait_s,work_speed_median,after_speed_median,ratio_after_over_work,still_frac,max_burst_0p5s
sft_ep0000_s0,sft,0,0,lift_blue_block_slider,slow,0,58,302,10.07,6.453,2.276,0.353,0.153,4.93
sft_ep0001_s0,sft,1,0,move_slider_right,moving,1,60,302,10.07,8.608,5.085,0.591,0.007,8.002
sft_ep0001_s1,sft,1,1,rotate_red_block_right,slow,0,60,302,10.07,2.8,2.348,0.839,0.12,5.06
sft_ep0002_s0,sft,2,0,turn_on_led,slow,0,40,302,10.07,4.575,3.343,0.731,0.113,6.165
sft_ep0002_s1,sft,2,1,push_pink_block_left,moving,1,60,302,10.07,7.738,4.136,0.534,0.013,10.07
sft_ep0002_s2,sft,2,2,lift_pink_block_table,slow,0,60,302,10.07,3.402,2.711,0.797,0.213,4.986
sft_ep0003_s0,sft,3,0,rotate_blue_block_left,slow,0,60,302,10.07,2.528,2.515,0.995,0.14,4.987
sft_ep0003_s1,sft,3,1,move_slider_left,moving,1,60,302,10.07,5.473,8.422,1.539,0.0,11.904
sft_ep0003_s2,sft,3,2,lift_blue_block_table,moving,1,54,302,10.07,3.728,3.97,1.065,0.073,10.171
sft_ep0003_s3,sft,3,3,place_in_slider,moving,1,60,302,10.07,5.074,4.046,0.797,0.0,10.081
sft_ep0003_s4,sft,3,4,lift_red_block_slider,moving,1,60,302,10.07,2.34,4.592,1.962,0.013,7.298
sft_ep0006_s0,sft,6,0,turn_on_led,slow,1,42,302,10.07,4.838,2.464,0.509,0.187,5.686
sft_ep0006_s1,sft,6,1,rotate_pink_block_right,slow,0,60,302,10.07,3.312,2.3,0.694,0.113,3.494
sft_ep0006_s2,sft,6,2,close_drawer,moving,1,60,302,10.07,6.448,7.091,1.1,0.007,10.804
sft_ep0006_s3,sft,6,3,lift_pink_block_table,moving,1,54,302,10.07,7.397,8.812,1.191,0.013,11.572
sft_ep0006_s4,sft,6,4,stack_block,moving,1,38,302,10.07,2.9,4.436,1.53,0.0,7.713
sft_ep0007_s0,sft,7,0,turn_on_led,slow,1,38,302,10.07,5.348,2.456,0.459,0.133,4.264
sft_ep0007_s1,sft,7,1,lift_red_block_table,slow,1,60,302,10.07,6.719,2.486,0.37,0.06,5.377
sft_ep0008_s0,sft,8,0,rotate_pink_block_right,slow,0,60,302,10.07,2.434,2.452,1.007,0.167,6.085
sft_ep0008_s1,sft,8,1,open_drawer,moving,1,60,302,10.07,4.641,8.912,1.92,0.02,10.506
sft_ep0008_s2,sft,8,2,lift_blue_block_table,slow,0,44,302,10.07,7.038,3.62,0.514,0.053,6.637
sft_ep0009_s0,sft,9,0,move_slider_right,slow,1,60,302,10.07,7.52,4.521,0.601,0.007,5.768
sft_ep0010_s0,sft,10,0,lift_blue_block_slider,moving,0,60,302,10.07,5.154,3.442,0.668,0.013,7.637
sft_ep0013_s0,sft,13,0,move_slider_left,moving,1,58,302,10.07,7.325,5.89,0.804,0.007,9.612
sft_ep0014_s0,sft,14,0,push_blue_block_left,moving,0,60,302,10.07,5.22,3.719,0.712,0.02,7.203
sft_ep0015_s0,sft,15,0,rotate_blue_block_left,slow,0,60,302,10.07,3.619,2.481,0.686,0.153,6.822
sft_ep0015_s1,sft,15,1,open_drawer,moving,1,60,302,10.07,4.528,6.499,1.435,0.007,11.536
sft_ep0015_s2,sft,15,2,lift_pink_block_table,moving,0,60,302,10.07,8.566,7.214,0.842,0.0,10.211
sft_ep0015_s3,sft,15,3,place_in_drawer,moving,1,30,302,10.07,5.778,8.794,1.522,0.007,11.915
sft_ep0015_s4,sft,15,4,turn_on_led,slow,1,28,302,10.07,3.606,3.427,0.95,0.047,5.732
sft_ep0016_s0,sft,16,0,lift_red_block_slider,moving,0,60,302,10.07,8.909,4.448,0.499,0.06,9.253
sft_ep0016_s1,sft,16,1,place_in_drawer,moving,1,2,302,10.07,1.963,5.496,2.801,0.073,9.892
sft_ep0016_s2,sft,16,2,move_slider_left,moving,1,46,302,10.07,7.53,7.527,1.0,0.007,9.844
sft_ep0016_s3,sft,16,3,turn_on_led,slow,0,60,302,10.07,3.875,3.274,0.845,0.1,5.995
sft_ep0016_s4,sft,16,4,close_drawer,moving,1,60,302,10.07,7.427,6.199,0.835,0.0,11.188
sft_ep0017_s0,sft,17,0,push_red_block_left,moving,1,60,302,10.07,6.776,4.839,0.714,0.02,8.402
sft_ep0017_s1,sft,17,1,turn_on_lightbulb,moving,0,60,302,10.07,5.435,5.139,0.946,0.007,8.993
sft_ep0017_s2,sft,17,2,open_drawer,moving,1,60,302,10.07,6.108,8.549,1.4,0.0,11.948
sft_ep0017_s3,sft,17,3,lift_blue_block_table,moving,0,36,302,10.07,6.003,6.303,1.05,0.0,9.391
sft_ep0018_s0,sft,18,0,turn_on_led,slow,1,60,302,10.07,4.146,3.601,0.869,0.073,6.291
sft_ep0018_s1,sft,18,1,open_drawer,moving,1,60,302,10.07,5.657,8.528,1.508,0.007,10.101
sft_ep0018_s2,sft,18,2,push_pink_block_left,moving,1,60,302,10.07,4.135,7.297,1.765,0.0,10.992
sft_ep0018_s3,sft,18,3,lift_blue_block_table,moving,1,60,302,10.07,6.556,7.787,1.188,0.0,9.913
sft_ep0018_s4,sft,18,4,place_in_drawer,moving,1,22,302,10.07,5.936,8.352,1.407,0.007,13.475
sft_ep0019_s0,sft,19,0,lift_blue_block_slider,moving,0,60,302,10.07,6.914,4.667,0.675,0.013,7.318
sft_ep0020_s0,sft,20,0,lift_red_block_slider,moving,0,60,302,10.07,7.338,4.642,0.633,0.02,10.454
sft_ep0021_s0,sft,21,0,lift_pink_block_table,moving,0,48,302,10.07,7.323,8.107,1.107,0.007,9.391
sft_ep0021_s1,sft,21,1,place_in_drawer,moving,1,24,302,10.07,7.381,6.983,0.946,0.007,8.751
sft_ep0021_s2,sft,21,2,rotate_red_block_left,slow,0,60,302,10.07,3.59,2.763,0.769,0.1,5.646
sft_ep0021_s3,sft,21,3,move_slider_left,moving,0,58,302,10.07,9.185,6.831,0.744,0.007,11.028
sft_ep0021_s4,sft,21,4,lift_pink_block_drawer,moving,0,60,302,10.07,5.522,5.01,0.907,0.007,7.774
sft_ep0022_s0,sft,22,0,push_red_block_left,slow,0,60,302,10.07,4.197,2.051,0.489,0.18,5.63
sft_ep0022_s1,sft,22,1,open_drawer,moving,1,60,302,10.07,5.635,8.262,1.466,0.02,9.733
sft_ep0022_s2,sft,22,2,lift_pink_block_slider,moving,0,60,302,10.07,6.676,7.994,1.197,0.0,9.707
sft_ep0023_s0,sft,23,0,turn_on_led,slow,1,38,302,10.07,5.967,2.98,0.499,0.12,4.864
sft_ep0024_s0,sft,24,0,turn_on_lightbulb,slow,0,60,302,10.07,6.491,4.142,0.638,0.007,6.942
sft_ep0024_s1,sft,24,1,move_slider_right,moving,1,60,302,10.07,3.749,4.405,1.175,0.033,7.008
sft_ep0024_s2,sft,24,2,push_pink_block_left,moving,1,60,302,10.07,7.525,6.144,0.816,0.02,9.917
sft_ep0024_s3,sft,24,3,lift_blue_block_table,moving,0,50,302,10.07,4.88,8.251,1.691,0.007,11.925
sft_ep0024_s4,sft,24,4,place_in_drawer,moving,1,20,302,10.07,6.2,7.499,1.21,0.013,15.544
sft_ep0025_s0,sft,25,0,rotate_blue_block_right,moving,0,60,302,10.07,3.375,3.781,1.12,0.073,7.017
sft_ep0025_s1,sft,25,1,turn_off_lightbulb,slow,0,42,302,10.07,5.806,3.625,0.624,0.053,5.473
sft_ep0025_s2,sft,25,2,open_drawer,moving,1,60,302,10.07,5.848,7.111,1.216,0.0,11.857
sft_ep0025_s3,sft,25,3,move_slider_left,moving,1,60,302,10.07,7.436,7.52,1.011,0.007,11.208
sft_ep0025_s4,sft,25,4,lift_blue_block_table,moving,1,58,302,10.07,5.631,5.911,1.05,0.02,9.251
sft_ep0026_s0,sft,26,0,rotate_blue_block_right,slow,0,60,302,10.07,2.153,3.168,1.471,0.1,5.3
sft_ep0027_s0,sft,27,0,rotate_red_block_right,moving,0,60,302,10.07,2.888,3.849,1.333,0.033,7.013
sft_ep0027_s1,sft,27,1,open_drawer,moving,1,60,302,10.07,5.432,8.973,1.652,0.007,12.51
sft_ep0027_s2,sft,27,2,turn_off_led,slow,0,46,302,10.07,7.86,2.477,0.315,0.16,6.666
sft_ep0027_s3,sft,27,3,lift_red_block_table,moving,0,60,302,10.07,7.528,8.416,1.118,0.013,9.334
sft_ep0027_s4,sft,27,4,place_in_drawer,moving,1,14,302,10.07,5.781,7.3,1.263,0.013,10.663
sft_ep0028_s0,sft,28,0,open_drawer,moving,1,60,302,10.07,6.176,9.701,1.571,0.0,12.426
sft_ep0028_s1,sft,28,1,move_slider_right,slow,1,60,302,10.07,7.972,3.035,0.381,0.027,5.421
sft_ep0028_s2,sft,28,2,turn_on_led,slow,1,42,302,10.07,4.082,3.449,0.845,0.107,4.944
sft_ep0029_s0,sft,29,0,turn_off_lightbulb,slow,1,60,302,10.07,3.602,3.856,1.071,0.073,6.307
sft_ep0029_s1,sft,29,1,open_drawer,moving,1,60,302,10.07,7.303,5.657,0.775,0.0,9.865
sft_ep0029_s2,sft,29,2,push_red_block_left,moving,0,60,302,10.07,5.709,3.866,0.677,0.047,7.988
sft_ep0029_s3,sft,29,3,move_slider_right,slow,1,50,302,10.07,6.253,0.544,0.087,0.72,6.058
sft_ep0030_s0,sft,30,0,lift_blue_block_table,moving,1,42,302,10.07,5.074,4.431,0.873,0.0,8.914
sft_ep0030_s1,sft,30,1,place_in_slider,moving,1,52,302,10.07,7.608,5.603,0.736,0.013,10.261
sft_ep0030_s2,sft,30,2,turn_on_led,slow,0,20,302,10.07,4.003,2.832,0.707,0.167,5.31
sft_ep0030_s3,sft,30,3,move_slider_left,moving,1,58,302,10.07,7.153,9.143,1.278,0.0,10.472
sft_ep0031_s0,sft,31,0,move_slider_right,slow,1,56,302,10.07,9.041,4.738,0.524,0.02,6.906
sft_ep0031_s1,sft,31,1,open_drawer,moving,1,60,302,10.07,4.222,9.114,2.159,0.02,12.48
sft_ep0031_s2,sft,31,2,turn_off_lightbulb,moving,1,56,302,10.07,8.459,4.453,0.526,0.033,7.442
sft_ep0031_s3,sft,31,3,lift_pink_block_table,moving,0,56,302,10.07,5.249,4.77,0.909,0.02,7.856
sft_ep0031_s4,sft,31,4,place_in_slider,slow,1,60,302,10.07,6.123,4.478,0.731,0.013,6.787
sft_ep0032_s0,sft,32,0,move_slider_right,moving,1,60,302,10.07,8.075,4.519,0.56,0.0,7.428
sft_ep0032_s1,sft,32,1,lift_blue_block_table,moving,0,60,302,10.07,6.095,6.748,1.107,0.013,8.793
sft_ep0032_s2,sft,32,2,stack_block,moving,1,54,302,10.07,6.158,4.864,0.79,0.047,7.919
sft_ep0032_s3,sft,32,3,close_drawer,moving,1,60,302,10.07,5.799,5.907,1.019,0.013,9.89
sft_ep0032_s4,sft,32,4,turn_on_led,slow,1,60,302,10.07,4.406,2.569,0.583,0.187,4.409
sft_ep0033_s0,sft,33,0,push_pink_block_left,moving,1,60,302,10.07,6.852,5.952,0.869,0.02,8.179
sft_ep0033_s1,sft,33,1,turn_on_led,moving,1,60,302,10.07,2.931,3.368,1.149,0.107,7.075
sft_ep0033_s2,sft,33,2,push_into_drawer,moving,1,60,302,10.07,3.598,3.384,0.941,0.133,7.338
sft_ep0033_s3,sft,33,3,move_slider_left,moving,1,60,302,10.07,8.515,7.451,0.875,0.0,11.534
sft_ep0033_s4,sft,33,4,close_drawer,slow,0,60,302,10.07,3.928,0.359,0.091,0.807,5.388
sft_ep0034_s0,sft,34,0,rotate_red_block_right,moving,0,60,302,10.07,2.523,5.131,2.034,0.007,7.292
sft_ep0034_s1,sft,34,1,lift_pink_block_slider,slow,0,60,302,10.07,7.377,4.324,0.586,0.007,5.888
sft_ep0035_s0,sft,35,0,open_drawer,moving,1,60,302,10.07,5.711,9.022,1.58,0.0,10.949
sft_ep0036_s0,sft,36,0,close_drawer,moving,1,60,302,10.07,5.783,5.928,1.025,0.04,8.664
sft_ep0036_s1,sft,36,1,move_slider_left,moving,1,60,302,10.07,5.747,8.112,1.412,0.0,9.875
sft_ep0037_s0,sft,37,0,open_drawer,moving,1,60,302,10.07,5.455,8.962,1.643,0.02,10.795
sft_ep0037_s1,sft,37,1,push_pink_block_right,moving,1,60,302,10.07,4.893,4.499,0.919,0.007,8.227
sft_ep0037_s2,sft,37,2,lift_blue_block_slider,moving,0,60,302,10.07,6.689,5.114,0.765,0.06,12.187
sft_ep0037_s3,sft,37,3,place_in_slider,moving,1,60,302,10.07,6.166,3.384,0.549,0.053,7.423
sft_ep0037_s4,sft,37,4,move_slider_left,moving,0,60,302,10.07,7.386,6.195,0.839,0.02,12.286
sft_ep0038_s0,sft,38,0,rotate_red_block_right,slow,1,60,302,10.07,2.846,2.533,0.89,0.04,5.109
sft_ep0038_s1,sft,38,1,push_into_drawer,moving,1,30,302,10.07,3.472,5.516,1.589,0.053,13.728
sft_ep0041_s0,sft,41,0,push_blue_block_left,moving,1,60,302,10.07,6.654,4.181,0.628,0.02,7.311
sft_ep0041_s1,sft,41,1,lift_red_block_table,moving,0,60,302,10.07,11.353,6.271,0.552,0.013,9.926
sft_ep0042_s0,sft,42,0,move_slider_right,moving,1,60,302,10.07,8.016,4.818,0.601,0.06,13.96
sft_ep0044_s0,sft,44,0,move_slider_left,moving,1,58,302,10.07,7.612,7.252,0.953,0.007,11.261
sft_ep0044_s1,sft,44,1,open_drawer,moving,1,60,302,10.07,4.637,7.536,1.625,0.007,10.771
sft_ep0044_s2,sft,44,2,turn_on_lightbulb,slow,1,60,302,10.07,5.402,3.709,0.687,0.027,5.423
sft_ep0044_s3,sft,44,3,rotate_red_block_right,slow,0,60,302,10.07,4.132,2.963,0.717,0.04,5.805
sft_ep0044_s4,sft,44,4,lift_pink_block_table,moving,0,60,302,10.07,5.473,6.434,1.175,0.027,8.902
sft_ep0045_s0,sft,45,0,close_drawer,moving,1,60,302,10.07,5.173,6.332,1.224,0.02,9.502
sft_ep0045_s1,sft,45,1,rotate_red_block_left,slow,0,60,302,10.07,2.418,2.911,1.204,0.113,6.208
sft_ep0045_s2,sft,45,2,lift_red_block_table,slow,0,20,302,10.07,5.919,2.745,0.464,0.047,3.977
sft_ep0046_s0,sft,46,0,turn_on_led,slow,1,60,302,10.07,3.865,2.602,0.673,0.173,4.879
sft_ep0046_s1,sft,46,1,move_slider_left,moving,0,60,302,10.07,6.529,6.842,1.048,0.0,10.565
sft_ep0046_s2,sft,46,2,rotate_red_block_right,moving,0,60,302,10.07,3.072,3.731,1.214,0.1,8.998
sft_ep0047_s0,sft,47,0,rotate_red_block_left,moving,0,60,302,10.07,2.451,2.226,0.908,0.167,8.272
sft_ep0047_s1,sft,47,1,move_slider_right,moving,1,60,302,10.07,6.547,4.345,0.664,0.027,7.603
sft_ep0047_s2,sft,47,2,turn_on_lightbulb,slow,1,52,302,10.07,6.939,3.98,0.574,0.027,6.148
sft_ep0047_s3,sft,47,3,lift_pink_block_table,moving,0,60,302,10.07,4.918,6.095,1.239,0.047,10.146
sft_ep0047_s4,sft,47,4,place_in_slider,moving,1,60,302,10.07,8.75,0.379,0.043,0.807,10.721
sft_ep0048_s0,sft,48,0,lift_blue_block_slider,moving,0,58,302,10.07,6.821,6.213,0.911,0.02,10.901
sft_ep0049_s0,sft,49,0,open_drawer,moving,1,60,302,10.07,6.362,9.165,1.441,0.007,11.341
sft_ep0049_s1,sft,49,1,turn_on_led,slow,1,60,302,10.07,5.258,2.879,0.548,0.127,4.903
sft_ep0049_s2,sft,49,2,rotate_red_block_left,slow,0,60,302,10.07,2.683,1.822,0.679,0.267,5.284
sft_ep0049_s3,sft,49,3,lift_blue_block_slider,moving,0,60,302,10.07,5.248,4.776,0.91,0.04,7.096
sft_ep0050_s0,sft,50,0,lift_red_block_slider,moving,0,58,302,10.07,6.891,5.345,0.776,0.007,10.268
sft_ep0050_s1,sft,50,1,stack_block,moving,0,44,302,10.07,9.207,4.098,0.445,0.047,7.575
sft_ep0050_s2,sft,50,2,close_drawer,moving,1,60,302,10.07,6.415,8.03,1.252,0.0,9.772
sft_ep0051_s0,sft,51,0,move_slider_left,moving,1,46,302,10.07,8.933,8.939,1.001,0.0,11.242
sft_ep0051_s1,sft,51,1,turn_on_led,moving,1,60,302,10.07,4.034,3.893,0.965,0.033,7.278
sft_ep0051_s2,sft,51,2,open_drawer,moving,1,60,302,10.07,5.64,8.042,1.426,0.007,11.641
sft_ep0051_s3,sft,51,3,rotate_pink_block_left,slow,0,58,302,10.07,2.017,2.077,1.03,0.067,3.606
sft_ep0052_s0,sft,52,0,open_drawer,moving,1,60,302,10.07,5.932,7.408,1.249,0.0,9.867
sft_ep0052_s1,sft,52,1,turn_on_lightbulb,slow,1,44,302,10.07,8.724,3.756,0.431,0.013,4.785
sft_ep0052_s2,sft,52,2,move_slider_left,moving,0,60,302,10.07,4.235,7.06,1.667,0.02,18.03
sft_ep0052_s3,sft,52,3,rotate_red_block_left,slow,0,60,302,10.07,2.446,1.92,0.785,0.173,6.726
sft_ep0054_s0,sft,54,0,push_red_block_left,moving,1,60,302,10.07,4.003,5.22,1.304,0.013,8.669
sft_ep0054_s1,sft,54,1,turn_on_led,slow,0,40,302,10.07,5.295,3.042,0.575,0.1,5.034
sft_ep0054_s2,sft,54,2,lift_pink_block_table,moving,0,60,302,10.07,5.634,2.292,0.407,0.173,13.562
sft_ep0055_s0,sft,55,0,move_slider_left,moving,1,50,302,10.07,7.681,7.3,0.95,0.0,11.305
sft_ep0055_s1,sft,55,1,push_pink_block_left,slow,1,60,302,10.07,4.215,3.507,0.832,0.027,6.332
sft_ep0055_s2,sft,55,2,lift_pink_block_table,moving,1,60,302,10.07,3.438,9.24,2.688,0.04,12.549
sft_ep0056_s0,sft,56,0,open_drawer,moving,1,60,302,10.07,5.168,8.772,1.697,0.0,11.969
sft_ep0056_s1,sft,56,1,lift_red_block_slider,moving,0,60,302,10.07,7.806,5.189,0.665,0.013,8.32
sft_ep0057_s0,sft,57,0,turn_on_lightbulb,moving,1,54,302,10.07,9.191,4.845,0.527,0.007,7.016
sft_ep0057_s1,sft,57,1,move_slider_right,moving,1,60,302,10.07,7.448,3.812,0.512,0.027,7.324
sft_ep0057_s2,sft,57,2,open_drawer,moving,1,60,302,10.07,6.427,8.723,1.357,0.007,10.452
sft_ep0057_s3,sft,57,3,lift_red_block_slider,moving,0,60,302,10.07,6.186,5.144,0.831,0.007,8.41
sft_ep0057_s4,sft,57,4,place_in_slider,moving,1,60,302,10.07,11.136,5.027,0.451,0.027,8.436
sft_ep0058_s0,sft,58,0,turn_on_lightbulb,moving,0,52,302,10.07,8.373,5.208,0.622,0.0,7.928
sft_ep0058_s1,sft,58,1,close_drawer,moving,1,60,302,10.07,6.478,6.166,0.952,0.0,11.235
sft_ep0058_s2,sft,58,2,rotate_pink_block_right,moving,0,60,302,10.07,3.26,1.961,0.602,0.24,17.186
sft_ep0059_s0,sft,59,0,lift_red_block_table,moving,1,52,302,10.07,7.063,8.263,1.17,0.007,10.927
sft_ep0060_s0,sft,60,0,open_drawer,moving,1,60,302,10.07,5.558,8.224,1.48,0.007,9.878
sft_ep0060_s1,sft,60,1,push_blue_block_left,moving,0,60,302,10.07,4.401,4.094,0.93,0.027,9.493
sft_ep0060_s2,sft,60,2,move_slider_left,moving,1,60,302,10.07,8.814,8.27,0.938,0.013,9.869
sft_ep0060_s3,sft,60,3,turn_on_lightbulb,moving,0,50,302,10.07,8.93,4.574,0.512,0.013,7.629
sft_ep0060_s4,sft,60,4,lift_pink_block_slider,moving,0,60,302,10.07,4.843,7.589,1.567,0.013,12.248
sft_ep0061_s0,sft,61,0,open_drawer,moving,1,60,302,10.07,6.38,9.36,1.467,0.007,10.245
sft_ep0061_s1,sft,61,1,turn_on_led,slow,0,44,302,10.07,9.163,3.64,0.397,0.053,5.999
sft_ep0061_s2,sft,61,2,rotate_blue_block_left,slow,0,60,302,10.07,1.956,2.797,1.43,0.087,6.043
sft_ep0061_s3,sft,61,3,lift_red_block_slider,slow,0,60,302,10.07,3.345,3.042,0.909,0.033,4.989
sft_ep0062_s0,sft,62,0,lift_blue_block_table,slow,0,46,302,10.07,7.301,2.829,0.388,0.16,6.67
sft_ep0063_s0,sft,63,0,open_drawer,moving,1,60,302,10.07,5.81,7.363,1.267,0.007,10.236
sft_ep0063_s1,sft,63,1,lift_pink_block_table,moving,0,42,302,10.07,6.594,5.795,0.879,0.02,8.672
sft_ep0063_s2,sft,63,2,stack_block,moving,1,52,302,10.07,8.008,3.987,0.498,0.02,8.165
sft_ep0063_s3,sft,63,3,unstack_block,slow,1,34,302,10.07,3.374,3.174,0.941,0.027,6.404
sft_ep0063_s4,sft,63,4,turn_on_led,moving,0,60,302,10.07,3.336,3.808,1.142,0.073,8.395
sft_ep0065_s0,sft,65,0,turn_off_lightbulb,slow,0,60,302,10.07,4.34,4.293,0.989,0.013,6.969
sft_ep0065_s1,sft,65,1,rotate_red_block_right,slow,0,60,302,10.07,3.298,2.097,0.636,0.227,6.446
sft_ep0066_s0,sft,66,0,push_pink_block_right,moving,1,60,302,10.07,3.871,3.793,0.98,0.04,7.495
sft_ep0066_s1,sft,66,1,lift_pink_block_table,moving,1,32,302,10.07,5.428,6.506,1.199,0.033,10.192
sft_ep0066_s2,sft,66,2,place_in_slider,moving,1,40,302,10.07,4.352,14.019,3.221,0.0,43.206
sft_ep0067_s0,sft,67,0,turn_on_led,slow,0,60,302,10.07,4.525,3.169,0.7,0.073,5.905
sft_ep0067_s1,sft,67,1,move_slider_right,moving,1,60,302,10.07,5.889,5.674,0.964,0.04,23.244
sft_ep0067_s2,sft,67,2,push_blue_block_left,moving,0,60,302,10.07,3.587,1.9,0.53,0.2,9.063
sft_ep0068_s0,sft,68,0,push_pink_block_left,moving,1,60,302,10.07,5.025,7.821,1.556,0.033,11.545
sft_ep0068_s1,sft,68,1,move_slider_left,moving,1,58,302,10.07,8.132,6.69,0.823,0.007,9.566
sft_ep0069_s0,sft,69,0,close_drawer,moving,1,60,302,10.07,5.805,7.247,1.248,0.007,10.364
sft_ep0069_s1,sft,69,1,move_slider_right,moving,1,58,302,10.07,8.483,6.505,0.767,0.173,32.42
sft_ep0069_s2,sft,69,2,turn_on_led,slow,0,52,302,10.07,5.945,2.99,0.503,0.14,5.827
sft_ep0069_s3,sft,69,3,rotate_red_block_left,slow,0,60,302,10.07,3.456,2.641,0.764,0.18,6.254
sft_ep0070_s0,sft,70,0,rotate_blue_block_right,slow,0,60,302,10.07,2.548,3.835,1.505,0.013,6.063
sft_ep0070_s1,sft,70,1,lift_pink_block_slider,moving,0,60,302,10.07,4.518,6.626,1.467,0.033,10.22
sft_ep0070_s2,sft,70,2,place_in_slider,moving,1,60,302,10.07,7.882,5.571,0.707,0.007,10.429
sft_ep0071_s0,sft,71,0,move_slider_right,moving,1,56,302,10.07,9.333,4.3,0.461,0.38,29.568
sft_ep0071_s1,sft,71,1,turn_on_led,slow,1,40,302,10.07,6.214,3.569,0.574,0.067,6.543
sft_ep0071_s2,sft,71,2,lift_blue_block_slider,moving,0,60,302,10.07,3.997,5.765,1.442,0.0,8.08
sft_ep0072_s0,sft,72,0,push_red_block_left,slow,0,60,302,10.07,3.996,3.227,0.808,0.013,5.725
sft_ep0072_s1,sft,72,1,lift_blue_block_table,moving,1,60,302,10.07,6.252,5.545,0.887,0.013,12.432
sft_ep0073_s0,sft,73,0,push_red_block_left,moving,1,60,302,10.07,6.813,4.982,0.731,0.0,8.624
sft_ep0073_s1,sft,73,1,move_slider_left,moving,1,60,302,10.07,7.968,8.292,1.041,0.0,11.777
sft_ep0073_s2,sft,73,2,open_drawer,moving,1,60,302,10.07,2.886,9.742,3.376,0.02,12.252
sft_ep0073_s3,sft,73,3,lift_red_block_table,moving,1,60,302,10.07,7.471,8.573,1.148,0.0,9.894
sft_ep0074_s0,sft,74,0,turn_off_led,slow,1,52,302,10.07,4.587,3.112,0.678,0.107,5.465
sft_ep0074_s1,sft,74,1,move_slider_left,moving,1,52,302,10.07,8.268,8.895,1.076,0.0,12.377
sft_ep0075_s0,sft,75,0,push_pink_block_left,slow,1,60,302,10.07,5.8,3.164,0.545,0.027,5.62
sft_ep0075_s1,sft,75,1,close_drawer,moving,1,60,302,10.07,7.113,6.653,0.935,0.013,12.21
sft_ep0076_s0,sft,76,0,rotate_pink_block_right,slow,0,60,302,10.07,1.986,2.224,1.12,0.033,5.987
sft_ep0076_s1,sft,76,1,move_slider_left,moving,1,58,302,10.07,7.579,9.127,1.204,0.0,12.034
sft_ep0076_s2,sft,76,2,turn_on_lightbulb,moving,1,52,302,10.07,9.625,3.998,0.415,0.027,7.359
sft_ep0077_s0,sft,77,0,turn_off_lightbulb,moving,1,54,302,10.07,9.142,4.603,0.503,0.0,7.98
sft_ep0077_s1,sft,77,1,move_slider_right,moving,1,60,302,10.07,7.607,5.033,0.662,0.007,9.789
sft_ep0078_s0,sft,78,0,open_drawer,moving,1,60,302,10.07,5.772,8.756,1.517,0.0,10.618
sft_ep0078_s1,sft,78,1,turn_off_lightbulb,slow,1,52,302,10.07,8.209,3.807,0.464,0.047,5.578
sft_ep0078_s2,sft,78,2,lift_red_block_table,moving,0,48,302,10.07,5.544,7.061,1.274,0.0,8.807
sft_ep0078_s3,sft,78,3,stack_block,slow,0,36,302,10.07,7.291,2.419,0.332,0.147,5.146
sft_ep0078_s4,sft,78,4,move_slider_right,moving,1,60,302,10.07,8.397,4.444,0.529,0.087,8.255
sft_ep0079_s0,sft,79,0,rotate_red_block_left,slow,0,60,302,10.07,3.09,2.407,0.779,0.1,6.208
sft_ep0079_s1,sft,79,1,move_slider_right,moving,1,60,302,10.07,6.43,4.391,0.683,0.053,10.306
sft_ep0079_s2,sft,79,2,turn_on_led,slow,0,54,302,10.07,4.741,2.538,0.535,0.14,4.803
sft_ep0079_s3,sft,79,3,open_drawer,moving,1,60,302,10.07,5.361,7.984,1.489,0.007,10.919
sft_ep0079_s4,sft,79,4,push_into_drawer,moving,1,60,302,10.07,7.532,4.395,0.584,0.027,7.427
sft_ep0080_s0,sft,80,0,rotate_blue_block_left,slow,0,60,302,10.07,3.716,2.242,0.603,0.107,4.658
sft_ep0080_s1,sft,80,1,open_drawer,moving,1,60,302,10.07,4.925,7.864,1.597,0.0,13.185
sft_ep0080_s2,sft,80,2,turn_on_lightbulb,moving,0,48,302,10.07,7.614,4.601,0.604,0.033,7.362
sft_ep0080_s3,sft,80,3,lift_red_block_table,moving,1,60,302,10.07,5.86,7.86,1.341,0.04,10.513
sft_ep0080_s4,sft,80,4,stack_block,slow,0,60,302,10.07,4.17,3.762,0.902,0.027,5.25
sft_ep0081_s0,sft,81,0,close_drawer,moving,1,60,302,10.07,5.252,8.306,1.582,0.0,10.712
sft_ep0081_s1,sft,81,1,rotate_red_block_left,slow,0,60,302,10.07,2.884,2.967,1.029,0.073,5.286
sft_ep0081_s2,sft,81,2,lift_blue_block_table,moving,1,54,302,10.07,6.193,9.739,1.573,0.0,12.333
sft_ep0081_s3,sft,81,3,place_in_slider,moving,1,42,302,10.07,7.697,5.828,0.757,0.013,9.029
sft_ep0081_s4,sft,81,4,turn_on_lightbulb,slow,0,42,302,10.07,7.521,4.737,0.63,0.007,6.817
sft_ep0082_s0,sft,82,0,push_blue_block_left,moving,1,60,302,10.07,6.552,6.54,0.998,0.02,10.879
sft_ep0082_s1,sft,82,1,move_slider_right,moving,1,48,302,10.07,5.814,5.304,0.912,0.02,10.544
sft_ep0082_s2,sft,82,2,open_drawer,moving,1,60,302,10.07,5.257,6.662,1.267,0.013,11.392
sft_ep0082_s3,sft,82,3,turn_on_led,slow,0,60,302,10.07,4.662,3.63,0.779,0.073,6.984
sft_ep0082_s4,sft,82,4,lift_red_block_slider,slow,0,60,302,10.07,4.635,2.273,0.49,0.153,5.074
sft_ep0083_s0,sft,83,0,push_blue_block_left,moving,1,60,302,10.07,6.122,5.03,0.822,0.073,9.496
sft_ep0084_s0,sft,84,0,turn_on_led,slow,1,44,302,10.07,3.9,2.748,0.705,0.12,5.409
sft_ep0084_s1,sft,84,1,push_into_drawer,moving,1,60,302,10.07,3.931,6.86,1.745,0.0,12.143
sft_ep0084_s2,sft,84,2,close_drawer,moving,1,60,302,10.07,7.029,5.236,0.745,0.007,10.111
sft_ep0084_s3,sft,84,3,lift_blue_block_slider,moving,0,52,302,10.07,7.055,5.738,0.813,0.02,10.588
sft_ep0085_s0,sft,85,0,close_drawer,moving,1,60,302,10.07,5.106,8.698,1.704,0.0,12.368
sft_ep0085_s1,sft,85,1,move_slider_left,moving,1,60,302,10.07,6.653,8.478,1.274,0.007,11.546
sft_ep0085_s2,sft,85,2,turn_off_lightbulb,moving,1,60,302,10.07,6.869,3.399,0.495,0.06,7.447
sft_ep0085_s3,sft,85,3,rotate_red_block_left,moving,0,60,302,10.07,2.655,3.542,1.334,0.073,7.08
sft_ep0085_s4,sft,85,4,lift_red_block_table,moving,0,10,302,10.07,5.401,3.483,0.645,0.033,12.51
sft_ep0086_s0,sft,86,0,lift_red_block_slider,moving,0,60,302,10.07,6.411,3.219,0.502,0.133,7.608
sft_ep0087_s0,sft,87,0,lift_red_block_table,slow,1,50,302,10.07,6.598,3.426,0.519,0.027,6.454
sft_ep0087_s1,sft,87,1,place_in_slider,moving,1,18,302,10.07,2.264,4.363,1.927,0.033,7.117
sft_ep0087_s2,sft,87,2,move_slider_left,moving,1,58,302,10.07,8.074,7.801,0.966,0.013,10.686
sft_ep0087_s3,sft,87,3,turn_on_led,slow,0,28,302,10.07,4.157,3.131,0.753,0.107,5.175
sft_ep0088_s0,sft,88,0,turn_on_led,slow,0,38,302,10.07,5.018,3.343,0.666,0.087,5.817
sft_ep0088_s1,sft,88,1,rotate_red_block_right,slow,0,60,302,10.07,2.022,2.483,1.228,0.253,6.287
sft_ep0089_s0,sft,89,0,move_slider_left,moving,1,50,302,10.07,7.31,6.865,0.939,0.007,11.698
sft_ep0089_s1,sft,89,1,rotate_blue_block_left,slow,0,60,302,10.07,3.084,2.512,0.814,0.14,6.385
sft_ep0089_s2,sft,89,2,push_into_drawer,moving,1,60,302,10.07,3.797,7.795,2.053,0.047,15.597
sft_ep0090_s0,sft,90,0,push_red_block_right,moving,1,60,302,10.07,4.351,3.734,0.858,0.033,7.686
sft_ep0090_s1,sft,90,1,lift_blue_block_slider,slow,0,50,302,10.07,6.364,2.378,0.374,0.093,4.038
sft_ep0091_s0,sft,91,0,lift_blue_block_table,moving,0,42,302,10.07,4.885,8.128,1.664,0.007,12.564
sft_ep0092_s0,sft,92,0,rotate_pink_block_right,slow,0,60,302,10.07,2.902,1.369,0.472,0.367,2.754
sft_ep0092_s1,sft,92,1,turn_on_lightbulb,slow,0,60,302,10.07,6.692,3.88,0.58,0.04,6.907
sft_ep0092_s2,sft,92,2,close_drawer,moving,1,60,302,10.07,7.55,4.647,0.615,0.033,9.033
sft_ep0092_s3,sft,92,3,lift_red_block_slider,moving,0,60,302,10.07,3.579,5.817,1.625,0.0,10.923
sft_ep0093_s0,sft,93,0,lift_pink_block_table,slow,1,52,302,10.07,7.174,2.562,0.357,0.127,5.517
sft_ep0093_s1,sft,93,1,place_in_slider,moving,1,30,302,10.07,7.142,7.451,1.043,0.013,16.245
sft_ep0093_s2,sft,93,2,turn_on_led,slow,1,60,302,10.07,3.848,1.356,0.352,0.407,5.531
sft_ep0094_s0,sft,94,0,lift_blue_block_table,slow,1,32,302,10.07,7.267,3.02,0.416,0.093,4.72
sft_ep0094_s1,sft,94,1,place_in_slider,slow,1,28,302,10.07,2.917,2.309,0.792,0.24,5.513
sft_ep0094_s2,sft,94,2,turn_on_lightbulb,moving,1,60,302,10.07,7.859,3.757,0.478,0.02,8.529
sft_ep0094_s3,sft,94,3,push_pink_block_right,moving,1,60,302,10.07,8.092,5.127,0.634,0.02,7.632
sft_ep0094_s4,sft,94,4,open_drawer,moving,1,60,302,10.07,5.891,7.762,1.318,0.007,10.79
sft_ep0095_s0,sft,95,0,turn_off_led,slow,0,34,302,10.07,5.27,2.789,0.529,0.14,5.46
sft_ep0095_s1,sft,95,1,move_slider_left,moving,1,60,302,10.07,6.677,7.435,1.114,0.013,10.985
sft_ep0095_s2,sft,95,2,push_red_block_left,slow,1,60,302,10.07,3.289,2.881,0.876,0.047,4.233
sft_ep0095_s3,sft,95,3,lift_red_block_table,slow,1,60,302,10.07,2.134,1.963,0.92,0.227,4.415
sft_ep0095_s4,sft,95,4,stack_block,slow,0,60,302,10.07,2.162,3.198,1.479,0.053,4.191
sft_ep0096_s0,sft,96,0,push_into_drawer,moving,1,60,302,10.07,7.364,6.5,0.883,0.013,10.196
sft_ep0096_s1,sft,96,1,lift_blue_block_drawer,slow,0,56,302,10.07,7.902,3.967,0.502,0.08,6.434
sft_ep0097_s0,sft,97,0,lift_pink_block_table,moving,0,36,302,10.07,6.399,4.651,0.727,0.027,7.681
sft_ep0097_s1,sft,97,1,place_in_drawer,slow,1,16,302,10.07,6.005,3.32,0.553,0.04,6.556
sft_ep0097_s2,sft,97,2,turn_off_lightbulb,moving,1,60,302,10.07,6.781,4.896,0.722,0.02,7.87
sft_ep0097_s3,sft,97,3,lift_blue_block_slider,moving,0,60,302,10.07,8.181,3.321,0.406,0.047,8.0
sft_ep0098_s0,sft,98,0,push_into_drawer,moving,1,60,302,10.07,5.896,5.423,0.92,0.007,10.727
sft_ep0099_s0,sft,99,0,push_pink_block_left,moving,1,60,302,10.07,7.002,3.8,0.543,0.06,7.122
sft_ep0099_s1,sft,99,1,turn_on_led,slow,0,60,302,10.07,3.826,2.634,0.689,0.14,4.899
sft_ep0099_s2,sft,99,2,move_slider_right,moving,1,60,302,10.07,3.25,1.042,0.321,0.493,32.267
sft_ep0099_s3,sft,99,3,push_into_drawer,moving,1,60,302,10.07,7.639,2.864,0.375,0.04,7.564
sft_ep0099_s4,sft,99,4,lift_blue_block_slider,moving,0,60,302,10.07,2.188,4.886,2.233,0.02,8.604
rl_ep0000_s0,rl,0,0,lift_blue_block_slider,moving,0,48,302,10.07,8.379,4.906,0.586,0.013,10.411
rl_ep0001_s0,rl,1,0,move_slider_right,moving,1,44,302,10.07,11.564,8.107,0.701,0.053,21.258
rl_ep0001_s1,rl,1,1,rotate_red_block_right,slow,0,60,302,10.07,3.668,2.73,0.744,0.08,6.766
rl_ep0001_s2,rl,1,2,turn_off_lightbulb,moving,0,60,302,10.07,8.777,7.38,0.841,0.0,11.674
rl_ep0001_s3,rl,1,3,lift_red_block_table,slow,0,46,302,10.07,8.077,1.21,0.15,0.4,6.264
rl_ep0002_s0,rl,2,0,turn_on_led,moving,0,24,302,10.07,9.303,5.35,0.575,0.06,7.556
rl_ep0002_s1,rl,2,1,push_pink_block_left,moving,1,54,302,10.07,11.305,5.157,0.456,0.053,13.793
rl_ep0002_s2,rl,2,2,lift_pink_block_table,moving,0,14,302,10.07,10.68,4.863,0.455,0.04,7.945
rl_ep0003_s0,rl,3,0,rotate_blue_block_left,moving,0,58,302,10.07,3.075,3.344,1.087,0.1,7.397
rl_ep0003_s1,rl,3,1,move_slider_left,moving,1,46,302,10.07,8.284,5.467,0.66,0.033,8.826
rl_ep0003_s2,rl,3,2,lift_blue_block_table,moving,0,44,302,10.07,9.181,6.979,0.76,0.013,11.184
rl_ep0004_s0,rl,4,0,push_red_block_right,moving,1,60,302,10.07,6.098,3.127,0.513,0.013,10.679
rl_ep0004_s1,rl,4,1,move_slider_right,moving,1,60,302,10.07,13.641,2.086,0.153,0.193,40.129
rl_ep0004_s2,rl,4,2,lift_pink_block_slider,moving,0,60,302,10.07,11.076,6.277,0.567,0.0,9.597
rl_ep0005_s0,rl,5,0,push_pink_block_right,moving,1,38,302,10.07,7.66,3.721,0.486,0.047,7.954
rl_ep0006_s0,rl,6,0,turn_on_led,moving,0,22,302,10.07,9.783,4.764,0.487,0.16,7.537
rl_ep0006_s1,rl,6,1,rotate_pink_block_right,slow,0,60,302,10.07,4.98,2.434,0.489,0.1,6.586
rl_ep0006_s2,rl,6,2,close_drawer,moving,1,60,302,10.07,8.508,8.192,0.963,0.0,12.817
rl_ep0007_s0,rl,7,0,turn_on_led,moving,0,24,302,10.07,8.636,5.458,0.632,0.1,8.164
rl_ep0007_s1,rl,7,1,lift_red_block_table,moving,1,46,302,10.07,11.501,6.92,0.602,0.007,11.108
rl_ep0008_s0,rl,8,0,rotate_pink_block_right,slow,0,60,302,10.07,2.078,2.549,1.227,0.12,6.69
rl_ep0008_s1,rl,8,1,open_drawer,moving,1,52,302,10.07,9.086,12.766,1.405,0.007,15.675
rl_ep0008_s2,rl,8,2,lift_blue_block_table,moving,1,30,302,10.07,9.04,12.018,1.329,0.0,13.733
rl_ep0008_s3,rl,8,3,place_in_slider,moving,1,42,302,10.07,15.696,7.086,0.451,0.007,15.355
rl_ep0008_s4,rl,8,4,turn_off_lightbulb,moving,0,60,302,10.07,11.142,6.565,0.589,0.007,10.906
rl_ep0009_s0,rl,9,0,move_slider_right,moving,1,48,302,10.07,10.69,4.262,0.399,0.08,9.676
rl_ep0009_s1,rl,9,1,rotate_pink_block_right,moving,0,60,302,10.07,2.97,2.471,0.832,0.087,8.136
rl_ep0009_s2,rl,9,2,lift_red_block_slider,moving,0,60,302,10.07,9.623,8.607,0.894,0.007,12.502
rl_ep0010_s0,rl,10,0,lift_blue_block_slider,moving,1,60,302,10.07,8.487,6.681,0.787,0.02,15.399
rl_ep0010_s1,rl,10,1,place_in_slider,moving,1,40,302,10.07,14.219,5.679,0.399,0.02,8.128
rl_ep0010_s2,rl,10,2,open_drawer,moving,1,60,302,10.07,9.996,9.181,0.918,0.013,13.857
rl_ep0011_s0,rl,11,0,rotate_pink_block_right,slow,0,60,302,10.07,3.327,3.494,1.05,0.06,5.661
rl_ep0011_s1,rl,11,1,move_slider_right,moving,1,60,302,10.07,10.342,5.198,0.503,0.093,24.769
rl_ep0011_s2,rl,11,2,turn_on_led,moving,1,16,302,10.07,9.112,4.657,0.511,0.08,8.04
rl_ep0011_s3,rl,11,3,close_drawer,moving,1,60,302,10.07,7.976,9.839,1.234,0.007,13.702
rl_ep0012_s0,rl,12,0,open_drawer,moving,1,38,302,10.07,8.749,9.329,1.066,0.007,12.799
rl_ep0012_s1,rl,12,1,lift_pink_block_table,moving,0,32,302,10.07,9.061,9.48,1.046,0.007,11.052
rl_ep0013_s0,rl,13,0,move_slider_left,moving,0,60,302,10.07,8.02,6.877,0.858,0.007,12.217
rl_ep0013_s1,rl,13,1,push_blue_block_right,moving,1,60,302,10.07,5.176,3.482,0.673,0.0,9.182
rl_ep0013_s2,rl,13,2,turn_on_lightbulb,slow,0,60,302,10.07,4.479,4.078,0.91,0.073,5.989
rl_ep0013_s3,rl,13,3,lift_blue_block_table,moving,1,44,302,10.07,8.999,10.457,1.162,0.0,13.659
rl_ep0013_s4,rl,13,4,place_in_slider,moving,1,50,302,10.07,10.168,4.509,0.444,0.013,9.734
rl_ep0014_s0,rl,14,0,push_blue_block_left,moving,1,52,302,10.07,8.824,5.861,0.664,0.027,13.356
rl_ep0014_s1,rl,14,1,lift_blue_block_table,moving,0,14,302,10.07,4.983,4.596,0.922,0.033,9.455
rl_ep0015_s0,rl,15,0,rotate_blue_block_left,slow,0,60,302,10.07,3.358,2.467,0.735,0.12,5.638
rl_ep0015_s1,rl,15,1,open_drawer,moving,1,60,302,10.07,6.499,9.854,1.516,0.0,12.738
rl_ep0015_s2,rl,15,2,lift_pink_block_table,moving,0,26,302,10.07,8.524,8.736,1.025,0.007,12.464
rl_ep0016_s0,rl,16,0,lift_red_block_slider,moving,0,56,302,10.07,7.481,6.745,0.902,0.007,13.552
rl_ep0016_s1,rl,16,1,place_in_drawer,moving,1,14,302,10.07,6.033,8.987,1.49,0.027,14.355
rl_ep0016_s2,rl,16,2,move_slider_left,moving,1,42,302,10.07,10.6,6.384,0.602,0.0,17.19
rl_ep0016_s3,rl,16,3,turn_on_led,slow,0,14,302,10.07,7.546,4.626,0.613,0.033,6.706
rl_ep0016_s4,rl,16,4,close_drawer,moving,1,58,302,10.07,8.834,7.696,0.871,0.007,17.205
rl_ep0017_s0,rl,17,0,push_red_block_left,moving,0,50,302,10.07,10.297,3.045,0.296,0.213,13.238
rl_ep0018_s0,rl,18,0,turn_on_led,moving,0,46,302,10.07,7.395,5.202,0.703,0.067,7.063
rl_ep0018_s1,rl,18,1,open_drawer,moving,1,52,302,10.07,8.456,7.435,0.879,0.013,11.57
rl_ep0018_s2,rl,18,2,push_pink_block_left,moving,1,60,302,10.07,5.199,3.707,0.713,0.007,9.904
rl_ep0018_s3,rl,18,3,lift_blue_block_table,moving,1,50,302,10.07,11.412,6.621,0.58,0.0,13.514
rl_ep0018_s4,rl,18,4,place_in_drawer,moving,1,12,302,10.07,8.278,6.85,0.828,0.0,12.129
rl_ep0019_s0,rl,19,0,lift_blue_block_slider,moving,0,52,302,10.07,8.953,11.878,1.327,0.0,16.74
rl_ep0020_s0,rl,20,0,lift_red_block_slider,moving,0,40,302,10.07,10.776,10.091,0.936,0.0,19.244
rl_ep0021_s0,rl,21,0,lift_pink_block_table,moving,0,34,302,10.07,10.661,8.511,0.798,0.007,13.234
rl_ep0021_s1,rl,21,1,place_in_drawer,moving,1,10,302,10.07,8.754,9.346,1.068,0.007,11.755
rl_ep0021_s2,rl,21,2,rotate_red_block_left,moving,0,60,302,10.07,2.765,3.965,1.434,0.013,10.017
rl_ep0021_s3,rl,21,3,move_slider_left,moving,1,50,302,10.07,10.699,7.284,0.681,0.0,10.826
rl_ep0022_s0,rl,22,0,push_red_block_left,moving,1,58,302,10.07,7.809,7.187,0.92,0.013,13.212
rl_ep0022_s1,rl,22,1,open_drawer,moving,1,60,302,10.07,12.347,12.031,0.974,0.007,13.882
rl_ep0022_s2,rl,22,2,lift_pink_block_slider,moving,0,50,302,10.07,10.478,6.353,0.606,0.013,12.343
rl_ep0022_s3,rl,22,3,place_in_drawer,moving,1,12,302,10.07,9.08,7.189,0.792,0.013,15.77
rl_ep0023_s0,rl,23,0,turn_on_led,moving,0,24,302,10.07,7.601,3.725,0.49,0.107,7.775
rl_ep0023_s1,rl,23,1,push_pink_block_right,moving,1,52,302,10.07,7.395,3.623,0.49,0.027,7.817
rl_ep0023_s2,rl,23,2,lift_pink_block_table,moving,1,34,302,10.07,4.503,10.222,2.27,0.013,17.055
rl_ep0023_s3,rl,23,3,place_in_drawer,moving,1,12,302,10.07,9.153,8.662,0.946,0.0,13.177
rl_ep0023_s4,rl,23,4,close_drawer,moving,1,46,302,10.07,8.601,9.439,1.097,0.0,16.101
rl_ep0024_s0,rl,24,0,turn_on_lightbulb,moving,1,40,302,10.07,10.525,5.278,0.502,0.0,9.123
rl_ep0024_s1,rl,24,1,move_slider_right,moving,1,50,302,10.07,14.398,4.995,0.347,0.073,22.466
rl_ep0024_s2,rl,24,2,push_pink_block_left,moving,0,60,302,10.07,5.496,3.748,0.682,0.02,9.897
rl_ep0024_s3,rl,24,3,lift_blue_block_table,moving,0,60,302,10.07,5.868,9.804,1.671,0.0,17.524
rl_ep0025_s0,rl,25,0,rotate_blue_block_right,moving,0,60,302,10.07,3.329,3.193,0.959,0.04,7.265
rl_ep0025_s1,rl,25,1,turn_off_lightbulb,moving,1,60,302,10.07,7.198,7.711,1.071,0.0,12.239
rl_ep0025_s2,rl,25,2,open_drawer,moving,1,50,302,10.07,8.898,11.637,1.308,0.013,13.128
rl_ep0025_s3,rl,25,3,move_slider_left,moving,0,42,302,10.07,10.886,6.086,0.559,0.027,11.124
rl_ep0025_s4,rl,25,4,lift_blue_block_table,moving,1,56,302,10.07,10.319,11.549,1.119,0.007,15.238
rl_ep0026_s0,rl,26,0,rotate_blue_block_right,slow,0,60,302,10.07,2.803,3.152,1.125,0.087,6.324
rl_ep0026_s1,rl,26,1,lift_blue_block_table,moving,1,4,302,10.07,11.656,4.286,0.368,0.013,7.098
rl_ep0026_s2,rl,26,2,place_in_slider,moving,1,6,302,10.07,1.28,5.039,3.938,0.02,10.097
rl_ep0026_s3,rl,26,3,turn_on_lightbulb,moving,1,52,302,10.07,11.56,6.553,0.567,0.0,11.112
rl_ep0026_s4,rl,26,4,open_drawer,moving,1,50,302,10.07,9.855,9.953,1.01,0.007,13.852
rl_ep0027_s0,rl,27,0,rotate_red_block_right,slow,0,60,302,10.07,4.117,2.912,0.707,0.04,6.536
rl_ep0027_s1,rl,27,1,open_drawer,moving,1,58,302,10.07,5.883,11.257,1.913,0.013,13.139
rl_ep0027_s2,rl,27,2,turn_off_led,moving,1,26,302,10.07,8.673,3.857,0.445,0.113,7.568
rl_ep0027_s3,rl,27,3,lift_red_block_table,moving,0,54,302,10.07,11.943,9.219,0.772,0.007,12.689
rl_ep0027_s4,rl,27,4,place_in_drawer,moving,1,12,302,10.07,9.513,9.963,1.047,0.007,13.815
rl_ep0028_s0,rl,28,0,open_drawer,moving,1,38,302,10.07,9.704,11.702,1.206,0.0,13.992
rl_ep0028_s1,rl,28,1,move_slider_right,moving,1,52,302,10.07,12.642,5.565,0.44,0.08,24.702
rl_ep0028_s2,rl,28,2,turn_on_led,moving,1,36,302,10.07,12.338,5.148,0.417,0.093,8.044
rl_ep0028_s3,rl,28,3,rotate_blue_block_right,slow,0,60,302,10.07,3.966,3.302,0.833,0.053,6.205
rl_ep0028_s4,rl,28,4,lift_red_block_slider,moving,0,54,302,10.07,8.881,6.297,0.709,0.033,11.23
rl_ep0029_s0,rl,29,0,turn_off_lightbulb,moving,0,40,302,10.07,11.287,6.334,0.561,0.02,10.929
rl_ep0029_s1,rl,29,1,open_drawer,moving,1,60,302,10.07,10.508,12.817,1.22,0.007,16.536
rl_ep0029_s2,rl,29,2,push_red_block_left,moving,1,60,302,10.07,4.239,7.916,1.867,0.0,11.868
rl_ep0029_s3,rl,29,3,move_slider_right,moving,1,34,302,10.07,7.528,1.944,0.258,0.327,45.644
rl_ep0030_s0,rl,30,0,lift_blue_block_table,moving,1,26,302,10.07,8.514,7.921,0.93,0.0,17.727
rl_ep0030_s1,rl,30,1,place_in_slider,slow,1,42,302,10.07,10.042,0.605,0.06,0.74,2.422
rl_ep0031_s0,rl,31,0,move_slider_right,moving,1,44,302,10.07,12.76,2.626,0.206,0.16,13.023
rl_ep0032_s0,rl,32,0,move_slider_right,moving,1,44,302,10.07,11.664,6.112,0.524,0.053,14.066
rl_ep0032_s1,rl,32,1,lift_blue_block_table,moving,0,44,302,10.07,7.988,9.537,1.194,0.007,12.772
rl_ep0032_s2,rl,32,2,stack_block,moving,0,40,302,10.07,10.369,6.764,0.652,0.0,12.434
rl_ep0032_s3,rl,32,3,close_drawer,moving,1,60,302,10.07,8.428,7.546,0.895,0.0,10.885
rl_ep0032_s4,rl,32,4,turn_on_led,moving,1,38,302,10.07,11.633,5.098,0.438,0.047,7.897
rl_ep0033_s0,rl,33,0,push_pink_block_left,moving,1,48,302,10.07,9.417,4.939,0.524,0.04,13.184
rl_ep0033_s1,rl,33,1,turn_on_led,slow,0,40,302,10.07,8.133,4.794,0.589,0.033,6.922
rl_ep0033_s2,rl,33,2,push_into_drawer,moving,1,60,302,10.07,14.191,5.777,0.407,0.107,16.184
rl_ep0033_s3,rl,33,3,move_slider_left,moving,1,44,302,10.07,6.823,8.844,1.296,0.007,12.692
rl_ep0033_s4,rl,33,4,close_drawer,moving,1,60,302,10.07,11.379,11.263,0.99,0.0,15.201
rl_ep0034_s0,rl,34,0,rotate_red_block_right,moving,0,60,302,10.07,4.102,2.385,0.582,0.08,9.726
rl_ep0034_s1,rl,34,1,lift_pink_block_slider,moving,0,60,302,10.07,10.741,6.063,0.564,0.147,12.716
rl_ep0035_s0,rl,35,0,open_drawer,moving,1,38,302,10.07,10.288,10.154,0.987,0.0,11.976
rl_ep0035_s1,rl,35,1,lift_blue_block_slider,moving,1,44,302,10.07,8.943,6.294,0.704,0.013,10.82
rl_ep0035_s2,rl,35,2,place_in_slider,moving,1,34,302,10.07,11.548,6.392,0.554,0.047,10.803
rl_ep0035_s3,rl,35,3,turn_on_lightbulb,moving,1,60,302,10.07,8.56,6.516,0.761,0.0,12.75
rl_ep0036_s0,rl,36,0,close_drawer,moving,1,48,302,10.07,8.547,9.573,1.12,0.0,13.648
rl_ep0036_s1,rl,36,1,move_slider_left,moving,1,48,302,10.07,9.359,7.333,0.784,0.007,11.836
rl_ep0036_s2,rl,36,2,rotate_pink_block_left,slow,0,60,302,10.07,2.882,2.742,0.951,0.1,6.18
rl_ep0037_s0,rl,37,0,open_drawer,moving,1,40,302,10.07,7.832,10.486,1.339,0.007,15.064
rl_ep0037_s1,rl,37,1,push_pink_block_right,slow,1,48,302,10.07,8.215,3.177,0.387,0.033,5.983
rl_ep0037_s2,rl,37,2,lift_blue_block_slider,moving,0,60,302,10.07,10.241,4.328,0.423,0.04,12.031
rl_ep0038_s0,rl,38,0,rotate_red_block_right,slow,0,60,302,10.07,3.389,2.697,0.796,0.067,6.446
rl_ep0039_s0,rl,39,0,push_pink_block_left,moving,1,60,302,10.07,11.008,6.791,0.617,0.02,16.827
rl_ep0039_s1,rl,39,1,turn_on_led,moving,0,24,302,10.07,6.513,6.309,0.969,0.02,8.957
rl_ep0039_s2,rl,39,2,lift_red_block_table,moving,1,36,302,10.07,9.926,8.038,0.81,0.007,13.963
rl_ep0041_s0,rl,41,0,push_blue_block_left,moving,1,42,302,10.07,10.113,5.224,0.517,0.04,11.259
rl_ep0041_s1,rl,41,1,lift_red_block_table,moving,1,56,302,10.07,11.407,9.596,0.841,0.0,14.632
rl_ep0041_s2,rl,41,2,stack_block,moving,1,60,302,10.07,10.425,5.889,0.565,0.047,10.818
rl_ep0041_s3,rl,41,3,turn_off_lightbulb,moving,1,60,302,10.07,11.944,6.884,0.576,0.0,12.563
rl_ep0041_s4,rl,41,4,unstack_block,moving,1,60,302,10.07,6.22,4.574,0.735,0.013,10.234
rl_ep0042_s0,rl,42,0,move_slider_right,moving,1,38,302,10.07,13.466,5.726,0.425,0.027,14.956
rl_ep0042_s1,rl,42,1,turn_on_lightbulb,moving,1,40,302,10.07,10.299,6.894,0.669,0.007,9.523
rl_ep0042_s2,rl,42,2,push_pink_block_left,moving,1,60,302,10.07,5.817,7.002,1.204,0.007,15.923
rl_ep0042_s3,rl,42,3,lift_blue_block_table,moving,0,46,302,10.07,11.887,10.396,0.875,0.007,12.827
rl_ep0042_s4,rl,42,4,place_in_slider,moving,1,36,302,10.07,14.283,6.091,0.426,0.013,8.332
rl_ep0043_s0,rl,43,0,push_red_block_left,moving,1,46,302,10.07,9.992,7.993,0.8,0.0,12.873
rl_ep0043_s1,rl,43,1,move_slider_right,moving,1,32,302,10.07,9.641,5.914,0.613,0.027,10.465
rl_ep0043_s2,rl,43,2,lift_blue_block_slider,moving,0,40,302,10.07,8.848,6.607,0.747,0.007,12.026
rl_ep0043_s3,rl,43,3,place_in_slider,moving,1,60,302,10.07,13.095,6.137,0.469,0.013,11.867
rl_ep0043_s4,rl,43,4,turn_on_led,slow,1,44,302,10.07,3.897,4.151,1.065,0.093,6.933
rl_ep0044_s0,rl,44,0,move_slider_left,moving,1,36,302,10.07,12.27,6.088,0.496,0.027,11.92
rl_ep0044_s1,rl,44,1,open_drawer,moving,1,60,302,10.07,10.545,10.418,0.988,0.013,13.542
rl_ep0044_s2,rl,44,2,turn_on_lightbulb,moving,1,42,302,10.07,11.33,5.445,0.481,0.0,8.899
rl_ep0044_s3,rl,44,3,rotate_red_block_right,slow,0,60,302,10.07,3.004,2.895,0.964,0.04,6.493
rl_ep0044_s4,rl,44,4,lift_pink_block_table,moving,0,42,302,10.07,8.428,6.748,0.801,0.0,12.291
rl_ep0045_s0,rl,45,0,close_drawer,moving,1,54,302,10.07,8.483,8.642,1.019,0.0,15.023
rl_ep0045_s1,rl,45,1,rotate_red_block_left,moving,0,60,302,10.07,5.057,3.547,0.701,0.033,7.088
rl_ep0046_s0,rl,46,0,turn_on_led,moving,1,24,302,10.07,10.559,5.5,0.521,0.06,9.843
rl_ep0046_s1,rl,46,1,move_slider_left,moving,1,48,302,10.07,9.613,5.522,0.574,0.007,10.999
rl_ep0047_s0,rl,47,0,rotate_red_block_left,slow,0,50,302,10.07,2.199,2.969,1.35,0.053,5.258
rl_ep0047_s1,rl,47,1,move_slider_right,moving,1,50,302,10.07,8.631,5.982,0.693,0.013,11.05
rl_ep0047_s2,rl,47,2,turn_on_lightbulb,moving,0,32,302,10.07,8.543,6.427,0.752,0.0,10.898
rl_ep0047_s3,rl,47,3,lift_pink_block_table,moving,0,46,302,10.07,5.148,8.788,1.707,0.013,14.583
rl_ep0047_s4,rl,47,4,place_in_slider,moving,0,60,302,10.07,13.384,4.84,0.362,0.02,12.366
rl_ep0048_s0,rl,48,0,lift_blue_block_slider,moving,0,44,302,10.07,10.745,7.529,0.701,0.0,11.0
rl_ep0049_s0,rl,49,0,open_drawer,moving,1,46,302,10.07,8.742,11.972,1.369,0.0,14.625
rl_ep0049_s1,rl,49,1,turn_on_led,moving,1,32,302,10.07,10.339,5.09,0.492,0.087,8.385
rl_ep0049_s2,rl,49,2,rotate_red_block_left,slow,0,60,302,10.07,5.987,3.225,0.539,0.04,5.991
rl_ep0049_s3,rl,49,3,lift_blue_block_slider,moving,0,60,302,10.07,6.849,7.827,1.143,0.007,14.431
rl_ep0050_s0,rl,50,0,lift_red_block_slider,moving,0,40,302,10.07,9.56,7.724,0.808,0.007,13.368
rl_ep0050_s1,rl,50,1,stack_block,moving,1,56,302,10.07,9.394,4.581,0.488,0.073,9.282
rl_ep0050_s2,rl,50,2,close_drawer,moving,1,56,302,10.07,9.447,7.022,0.743,0.007,13.374
rl_ep0050_s3,rl,50,3,unstack_block,slow,1,46,302,10.07,9.239,4.154,0.45,0.033,6.235
rl_ep0050_s4,rl,50,4,push_red_block_left,moving,1,42,302,10.07,9.419,4.195,0.445,0.06,8.567
rl_ep0051_s0,rl,51,0,move_slider_left,slow,1,36,302,10.07,11.496,4.279,0.372,0.033,6.49
rl_ep0051_s1,rl,51,1,turn_on_led,moving,1,44,302,10.07,5.863,5.039,0.859,0.087,7.01
rl_ep0051_s2,rl,51,2,open_drawer,moving,1,46,302,10.07,9.849,9.758,0.991,0.0,14.452
rl_ep0051_s3,rl,51,3,rotate_pink_block_left,slow,0,60,302,10.07,3.3,1.849,0.56,0.133,5.629
rl_ep0052_s0,rl,52,0,open_drawer,moving,1,46,302,10.07,9.36,11.612,1.241,0.013,14.303
rl_ep0052_s1,rl,52,1,turn_on_lightbulb,moving,1,40,302,10.07,11.453,7.326,0.64,0.0,10.714
rl_ep0052_s2,rl,52,2,move_slider_left,moving,1,38,302,10.07,12.377,6.228,0.503,0.013,9.273
rl_ep0052_s3,rl,52,3,rotate_red_block_left,slow,1,60,302,10.07,2.453,3.254,1.327,0.1,6.153
rl_ep0052_s4,rl,52,4,lift_red_block_table,moving,0,30,302,10.07,2.42,6.857,2.834,0.013,11.425
rl_ep0053_s0,rl,53,0,push_blue_block_right,moving,1,60,302,10.07,5.256,5.307,1.01,0.013,10.083
rl_ep0053_s1,rl,53,1,turn_on_lightbulb,moving,0,34,302,10.07,8.231,5.361,0.651,0.007,10.163
rl_ep0053_s2,rl,53,2,open_drawer,moving,1,56,302,10.07,7.55,9.096,1.205,0.0,13.641
rl_ep0053_s3,rl,53,3,lift_blue_block_table,moving,0,60,302,10.07,7.03,9.691,1.379,0.013,10.656
rl_ep0053_s4,rl,53,4,place_in_drawer,moving,1,6,302,10.07,8.782,8.613,0.981,0.013,12.862
rl_ep0054_s0,rl,54,0,push_red_block_left,moving,1,52,302,10.07,9.29,6.387,0.688,0.013,12.981
rl_ep0054_s1,rl,54,1,turn_on_led,slow,0,12,302,10.07,11.13,4.802,0.431,0.067,6.407
rl_ep0054_s2,rl,54,2,lift_pink_block_table,moving,0,46,302,10.07,8.699,6.791,0.781,0.02,12.432
rl_ep0055_s0,rl,55,0,move_slider_left,moving,1,36,302,10.07,11.49,6.862,0.597,0.027,14.062
rl_ep0055_s1,rl,55,1,push_pink_block_left,moving,1,60,302,10.07,7.634,5.613,0.735,0.013,17.274
rl_ep0055_s2,rl,55,2,lift_pink_block_table,moving,0,18,302,10.07,6.594,5.522,0.838,0.007,9.263
rl_ep0056_s0,rl,56,0,open_drawer,moving,1,44,302,10.07,8.012,12.951,1.616,0.0,14.919
rl_ep0056_s1,rl,56,1,lift_red_block_slider,moving,0,60,302,10.07,8.367,7.599,0.908,0.013,15.331
rl_ep0056_s2,rl,56,2,place_in_drawer,moving,1,0,302,10.07,3.569,9.95,2.788,0.04,13.784
rl_ep0056_s3,rl,56,3,move_slider_left,moving,0,60,302,10.07,5.729,5.707,0.996,0.013,9.8
rl_ep0057_s0,rl,57,0,turn_on_lightbulb,moving,1,38,302,10.07,12.191,6.047,0.496,0.0,12.623
rl_ep0057_s1,rl,57,1,move_slider_right,slow,1,54,302,10.07,11.627,0.432,0.037,0.753,1.801
rl_ep0058_s0,rl,58,0,turn_on_lightbulb,moving,1,38,302,10.07,10.606,4.557,0.43,0.007,7.648
rl_ep0058_s1,rl,58,1,close_drawer,moving,1,60,302,10.07,7.656,12.498,1.632,0.0,18.901
rl_ep0058_s2,rl,58,2,rotate_pink_block_right,moving,0,60,302,10.07,3.313,4.216,1.273,0.013,8.425
rl_ep0058_s3,rl,58,3,lift_red_block_slider,moving,0,60,302,10.07,8.667,5.429,0.626,0.013,10.012
rl_ep0059_s0,rl,59,0,lift_red_block_table,moving,1,34,302,10.07,10.255,5.135,0.501,0.02,16.267
rl_ep0060_s0,rl,60,0,open_drawer,moving,1,44,302,10.07,8.191,12.69,1.549,0.0,14.892
rl_ep0060_s1,rl,60,1,push_blue_block_left,moving,1,56,302,10.07,9.544,5.579,0.585,0.033,13.011
rl_ep0060_s2,rl,60,2,move_slider_left,moving,1,46,302,10.07,12.669,5.582,0.441,0.013,12.735
rl_ep0060_s3,rl,60,3,turn_on_lightbulb,moving,0,40,302,10.07,13.026,6.285,0.483,0.0,12.034
rl_ep0060_s4,rl,60,4,lift_pink_block_slider,moving,0,44,302,10.07,8.17,6.292,0.77,0.027,15.656
rl_ep0061_s0,rl,61,0,open_drawer,moving,1,36,302,10.07,10.63,5.066,0.477,0.007,8.564
rl_ep0061_s1,rl,61,1,turn_on_led,moving,1,28,302,10.07,7.259,4.332,0.597,0.1,8.051
rl_ep0061_s2,rl,61,2,rotate_blue_block_left,slow,0,60,302,10.07,1.945,3.149,1.619,0.147,5.67
rl_ep0061_s3,rl,61,3,lift_red_block_slider,moving,0,60,302,10.07,5.478,7.33,1.338,0.013,14.074
rl_ep0062_s0,rl,62,0,lift_blue_block_table,moving,0,34,302,10.07,11.898,4.505,0.379,0.02,17.461
rl_ep0063_s0,rl,63,0,open_drawer,moving,1,42,302,10.07,9.159,10.015,1.093,0.013,13.715
rl_ep0063_s1,rl,63,1,lift_pink_block_table,moving,0,34,302,10.07,9.626,9.602,0.998,0.0,12.538
rl_ep0063_s2,rl,63,2,stack_block,moving,0,40,302,10.07,10.958,6.052,0.552,0.007,12.179
rl_ep0064_s0,rl,64,0,push_blue_block_right,moving,1,60,302,10.07,5.201,4.828,0.928,0.013,10.165
rl_ep0064_s1,rl,64,1,lift_red_block_slider,slow,0,44,302,10.07,9.679,3.209,0.332,0.1,6.819
rl_ep0065_s0,rl,65,0,turn_off_lightbulb,moving,1,38,302,10.07,12.224,7.009,0.573,0.0,11.956
rl_ep0065_s1,rl,65,1,rotate_red_block_right,moving,0,60,302,10.07,2.69,6.121,2.276,0.04,14.104
rl_ep0066_s0,rl,66,0,push_pink_block_right,moving,1,60,302,10.07,5.417,4.615,0.852,0.053,8.398
rl_ep0066_s1,rl,66,1,lift_pink_block_table,moving,1,60,302,10.07,4.896,4.648,0.949,0.02,18.304
rl_ep0066_s2,rl,66,2,place_in_slider,moving,1,24,302,10.07,6.231,4.818,0.773,0.013,8.349
rl_ep0067_s0,rl,67,0,turn_on_led,moving,1,24,302,10.07,8.51,4.685,0.55,0.053,7.46
rl_ep0067_s1,rl,67,1,move_slider_right,moving,1,32,302,10.07,9.6,3.497,0.364,0.073,53.097
rl_ep0068_s0,rl,68,0,push_pink_block_left,moving,1,60,302,10.07,12.492,5.485,0.439,0.0,13.56
rl_ep0068_s1,rl,68,1,move_slider_left,moving,1,60,302,10.07,10.621,7.633,0.719,0.0,14.407
rl_ep0068_s2,rl,68,2,lift_blue_block_slider,moving,0,48,302,10.07,8.694,6.694,0.77,0.02,13.883
rl_ep0068_s3,rl,68,3,place_in_drawer,moving,1,4,302,10.07,2.373,7.05,2.971,0.02,12.167
rl_ep0068_s4,rl,68,4,close_drawer,moving,1,58,302,10.07,11.618,6.958,0.599,0.027,13.936
rl_ep0069_s0,rl,69,0,close_drawer,moving,1,46,302,10.07,7.233,11.171,1.544,0.013,14.916
rl_ep0069_s1,rl,69,1,move_slider_right,moving,1,44,302,10.07,12.014,3.05,0.254,0.307,30.854
rl_ep0069_s2,rl,69,2,turn_on_led,moving,0,60,302,10.07,7.59,5.532,0.729,0.08,8.042
rl_ep0069_s3,rl,69,3,rotate_red_block_left,slow,0,60,302,10.07,3.947,2.724,0.69,0.067,6.984
rl_ep0070_s0,rl,70,0,rotate_blue_block_right,moving,0,60,302,10.07,3.039,4.855,1.597,0.013,9.434
rl_ep0070_s1,rl,70,1,lift_pink_block_slider,moving,0,60,302,10.07,12.564,7.051,0.561,0.027,11.389
rl_ep0071_s0,rl,71,0,move_slider_right,moving,1,38,302,10.07,13.743,6.289,0.458,0.02,14.84
rl_ep0071_s1,rl,71,1,turn_on_led,slow,1,20,302,10.07,7.273,4.302,0.591,0.06,6.864
rl_ep0071_s2,rl,71,2,lift_blue_block_slider,moving,0,44,302,10.07,8.093,6.522,0.806,0.0,11.899
rl_ep0072_s0,rl,72,0,push_red_block_left,moving,1,54,302,10.07,8.305,5.096,0.614,0.04,9.058
rl_ep0072_s1,rl,72,1,lift_blue_block_table,moving,1,56,302,10.07,12.962,5.896,0.455,0.013,11.873
rl_ep0073_s0,rl,73,0,push_red_block_left,moving,1,46,302,10.07,9.962,6.171,0.619,0.013,10.432
rl_ep0073_s1,rl,73,1,move_slider_left,moving,1,50,302,10.07,12.546,8.173,0.651,0.02,18.076
rl_ep0073_s2,rl,73,2,open_drawer,moving,1,56,302,10.07,8.446,8.439,0.999,0.04,14.09
rl_ep0073_s3,rl,73,3,lift_red_block_table,moving,1,60,302,10.07,5.768,4.434,0.769,0.007,12.139
rl_ep0074_s0,rl,74,0,turn_off_led,slow,0,26,302,10.07,7.853,5.141,0.655,0.087,6.994
rl_ep0074_s1,rl,74,1,move_slider_left,slow,1,40,302,10.07,10.731,4.432,0.413,0.007,6.217
rl_ep0074_s2,rl,74,2,push_red_block_left,moving,1,56,302,10.07,11.251,5.199,0.462,0.033,9.819
rl_ep0074_s3,rl,74,3,lift_pink_block_table,moving,1,54,302,10.07,12.685,5.079,0.4,0.02,9.205
rl_ep0075_s0,rl,75,0,push_pink_block_left,moving,1,60,302,10.07,6.085,3.839,0.631,0.027,17.199
rl_ep0075_s1,rl,75,1,close_drawer,moving,1,60,302,10.07,7.932,9.085,1.145,0.0,13.345
rl_ep0075_s2,rl,75,2,lift_blue_block_table,moving,0,32,302,10.07,7.784,0.989,0.127,0.5,8.899
rl_ep0076_s0,rl,76,0,rotate_pink_block_right,moving,0,60,302,10.07,3.067,4.085,1.332,0.067,11.885
rl_ep0076_s1,rl,76,1,move_slider_left,moving,1,38,302,10.07,11.351,5.261,0.464,0.013,8.969
rl_ep0076_s2,rl,76,2,turn_on_lightbulb,moving,1,60,302,10.07,10.858,5.931,0.546,0.007,9.635
rl_ep0076_s3,rl,76,3,close_drawer,moving,1,60,302,10.07,10.57,11.065,1.047,0.0,15.97
rl_ep0077_s0,rl,77,0,turn_off_lightbulb,moving,1,60,302,10.07,7.69,6.819,0.887,0.0,10.006
rl_ep0077_s1,rl,77,1,move_slider_right,moving,1,60,302,10.07,13.486,4.761,0.353,0.02,8.493
rl_ep0077_s2,rl,77,2,push_blue_block_right,moving,0,60,302,10.07,6.35,7.557,1.19,0.0,14.521
rl_ep0077_s3,rl,77,3,close_drawer,moving,1,60,302,10.07,8.799,8.394,0.954,0.0,13.757
rl_ep0078_s0,rl,78,0,open_drawer,moving,1,46,302,10.07,9.067,9.401,1.037,0.013,14.377
rl_ep0078_s1,rl,78,1,turn_off_lightbulb,moving,1,42,302,10.07,11.286,7.55,0.669,0.0,15.226
rl_ep0078_s2,rl,78,2,lift_red_block_table,moving,1,42,302,10.07,9.879,6.965,0.705,0.0,11.474
rl_ep0079_s0,rl,79,0,rotate_red_block_left,slow,0,60,302,10.07,2.761,3.281,1.188,0.087,6.695
rl_ep0079_s1,rl,79,1,move_slider_right,moving,1,54,302,10.07,10.157,5.344,0.526,0.133,20.548
rl_ep0079_s2,rl,79,2,turn_on_led,moving,0,60,302,10.07,7.847,5.176,0.66,0.04,8.739
rl_ep0079_s3,rl,79,3,open_drawer,moving,1,58,302,10.07,9.364,11.401,1.218,0.007,15.314
rl_ep0079_s4,rl,79,4,push_into_drawer,moving,1,60,302,10.07,6.92,5.537,0.8,0.013,10.544
rl_ep0080_s0,rl,80,0,rotate_blue_block_left,slow,0,60,302,10.07,3.224,3.095,0.96,0.133,5.634
rl_ep0080_s1,rl,80,1,open_drawer,moving,1,50,302,10.07,7.634,11.417,1.496,0.013,15.08
rl_ep0080_s2,rl,80,2,turn_on_lightbulb,moving,1,36,302,10.07,10.008,6.441,0.644,0.0,10.755
rl_ep0080_s3,rl,80,3,lift_red_block_table,moving,1,44,302,10.07,7.843,10.465,1.334,0.0,15.653
rl_ep0080_s4,rl,80,4,stack_block,moving,1,22,302,10.07,6.473,6.291,0.972,0.013,9.882
rl_ep0081_s0,rl,81,0,close_drawer,moving,1,52,302,10.07,7.49,7.627,1.018,0.007,14.693
rl_ep0081_s1,rl,81,1,rotate_red_block_left,moving,0,60,302,10.07,4.394,3.377,0.768,0.167,7.466
rl_ep0081_s2,rl,81,2,lift_blue_block_table,moving,1,36,302,10.07,5.837,9.595,1.644,0.0,14.401
rl_ep0081_s3,rl,81,3,place_in_slider,moving,1,28,302,10.07,9.361,7.838,0.837,0.0,13.017
rl_ep0081_s4,rl,81,4,turn_on_lightbulb,moving,0,26,302,10.07,8.99,5.933,0.66,0.027,11.549
rl_ep0082_s0,rl,82,0,push_blue_block_left,moving,0,52,302,10.07,8.468,5.406,0.638,0.027,12.98
rl_ep0083_s0,rl,83,0,push_blue_block_left,moving,1,42,302,10.07,10.426,5.916,0.567,0.013,13.483
rl_ep0083_s1,rl,83,1,push_into_drawer,moving,1,60,302,10.07,14.227,8.288,0.583,0.007,12.641
rl_ep0083_s2,rl,83,2,lift_blue_block_drawer,moving,0,44,302,10.07,9.414,10.335,1.098,0.0,13.515
rl_ep0084_s0,rl,84,0,turn_on_led,moving,0,42,302,10.07,6.53,4.764,0.729,0.053,8.555
rl_ep0084_s1,rl,84,1,push_into_drawer,moving,1,58,302,10.07,11.314,9.713,0.859,0.0,14.909
rl_ep0084_s2,rl,84,2,close_drawer,moving,1,50,302,10.07,9.99,7.547,0.756,0.0,15.561
rl_ep0084_s3,rl,84,3,lift_blue_block_slider,moving,0,48,302,10.07,10.286,9.919,0.964,0.007,15.53
rl_ep0085_s0,rl,85,0,close_drawer,moving,1,52,302,10.07,7.587,9.691,1.277,0.013,12.635
rl_ep0085_s1,rl,85,1,move_slider_left,moving,1,36,302,10.07,11.315,5.896,0.521,0.027,10.588
rl_ep0085_s2,rl,85,2,turn_off_lightbulb,moving,1,56,302,10.07,12.426,6.087,0.49,0.007,9.181
rl_ep0085_s3,rl,85,3,rotate_red_block_left,slow,0,60,302,10.07,3.655,2.317,0.634,0.173,6.277
rl_ep0085_s4,rl,85,4,lift_red_block_table,moving,1,26,302,10.07,5.07,4.436,0.875,0.02,9.991
rl_ep0086_s0,rl,86,0,lift_red_block_slider,moving,1,54,302,10.07,8.39,5.798,0.691,0.007,14.641
rl_ep0086_s1,rl,86,1,stack_block,moving,0,60,302,10.07,5.642,6.401,1.135,0.007,10.576
rl_ep0087_s0,rl,87,0,lift_red_block_table,moving,0,34,302,10.07,9.827,9.355,0.952,0.007,13.626
rl_ep0087_s1,rl,87,1,place_in_slider,moving,1,54,302,10.07,13.273,4.817,0.363,0.04,11.239
rl_ep0087_s2,rl,87,2,move_slider_left,moving,0,60,302,10.07,8.692,5.264,0.606,0.007,11.321
rl_ep0087_s3,rl,87,3,turn_on_led,moving,0,36,302,10.07,4.79,4.444,0.928,0.067,8.277
rl_ep0088_s0,rl,88,0,turn_on_led,moving,0,22,302,10.07,8.516,5.446,0.64,0.087,8.323
rl_ep0088_s1,rl,88,1,rotate_red_block_right,moving,0,52,302,10.07,3.686,2.503,0.679,0.113,7.272
rl_ep0089_s0,rl,89,0,move_slider_left,moving,1,38,302,10.07,8.936,4.985,0.558,0.013,13.93
rl_ep0089_s1,rl,89,1,rotate_blue_block_left,slow,0,60,302,10.07,2.574,3.404,1.322,0.127,6.277
rl_ep0090_s0,rl,90,0,push_red_block_right,slow,1,40,302,10.07,6.417,2.334,0.364,0.153,6.454
rl_ep0090_s1,rl,90,1,lift_blue_block_slider,moving,0,60,302,10.07,4.17,9.969,2.391,0.007,17.458
rl_ep0091_s0,rl,91,0,lift_blue_block_table,moving,0,30,302,10.07,6.936,9.435,1.36,0.0,13.036
rl_ep0092_s0,rl,92,0,rotate_pink_block_right,slow,0,60,302,10.07,2.587,3.889,1.504,0.0,6.573
rl_ep0092_s1,rl,92,1,turn_on_lightbulb,moving,0,60,302,10.07,8.171,7.488,0.916,0.0,12.9
rl_ep0092_s2,rl,92,2,close_drawer,moving,1,60,302,10.07,7.981,10.971,1.375,0.0,13.285
rl_ep0092_s3,rl,92,3,lift_red_block_slider,moving,1,60,302,10.07,6.253,5.889,0.942,0.027,11.63
rl_ep0092_s4,rl,92,4,place_in_slider,moving,1,46,302,10.07,14.933,4.65,0.311,0.047,15.7
rl_ep0093_s0,rl,93,0,lift_pink_block_table,moving,0,36,302,10.07,10.425,7.582,0.727,0.0,16.237
rl_ep0094_s0,rl,94,0,lift_blue_block_table,moving,1,28,302,10.07,6.864,5.01,0.73,0.007,8.002
rl_ep0094_s1,rl,94,1,place_in_slider,moving,1,2,302,10.07,1.992,5.118,2.569,0.013,11.666
rl_ep0094_s2,rl,94,2,turn_on_lightbulb,moving,0,44,302,10.07,10.042,8.178,0.814,0.0,13.544
rl_ep0094_s3,rl,94,3,push_pink_block_right,moving,0,60,302,10.07,6.273,3.596,0.573,0.073,8.252
rl_ep0094_s4,rl,94,4,open_drawer,moving,1,60,302,10.07,10.074,12.505,1.241,0.013,14.119
rl_ep0095_s0,rl,95,0,turn_off_led,moving,1,58,302,10.07,5.975,5.437,0.91,0.033,7.9
rl_ep0095_s1,rl,95,1,move_slider_left,moving,1,38,302,10.07,9.948,5.903,0.593,0.02,10.966
rl_ep0095_s2,rl,95,2,push_red_block_left,moving,0,60,302,10.07,12.855,5.787,0.45,0.033,12.019
rl_ep0096_s0,rl,96,0,push_into_drawer,moving,1,56,302,10.07,9.417,8.613,0.915,0.007,11.82
rl_ep0096_s1,rl,96,1,lift_blue_block_drawer,slow,0,44,302,10.07,12.655,2.876,0.227,0.127,5.091
rl_ep0097_s0,rl,97,0,lift_pink_block_table,moving,0,26,302,10.07,8.869,9.133,1.03,0.0,12.564
rl_ep0098_s0,rl,98,0,push_into_drawer,moving,1,60,302,10.07,9.347,7.344,0.786,0.007,11.988
rl_ep0099_s0,rl,99,0,push_pink_block_left,moving,1,48,302,10.07,9.517,6.839,0.719,0.02,13.077
rl_ep0099_s1,rl,99,1,turn_on_led,moving,1,46,302,10.07,7.646,5.141,0.672,0.04,10.256
rl_ep0099_s2,rl,99,2,move_slider_right,moving,1,36,302,10.07,11.108,6.472,0.583,0.007,9.935
rl_ep0099_s3,rl,99,3,push_into_drawer,moving,1,60,302,10.07,11.142,9.66,0.867,0.007,13.865
